longitude,latitude,Aerosol_Index,Temperature_2m,Wind_U,NO2_Density,HCHO_Density,Actual_PM25
111.93233018950268,-2.4456633610153973,-0.5930152873011773,28.171132824744745,-1.3318429802670892,4.6172103211253825e-05,0.0001123270740474511,22.744772555169526
113.76040179268591,-2.6927000641482657,-0.49409844652020163,28.19206863685889,-0.9032526060386937,4.8164397039153286e-05,0.00014937462214150736,26.93715606187547
112.47581093639499,-1.0622578234713342,-0.7416405721878248,27.03801590248389,-0.7499390752227215,4.45014254583593e-05,0.00012060234076573667,11.447704266604077
111.53707146449008,-2.4456633610153973,-0.5653310261133432,27.791376603679907,-1.1504005311447898,4.689890050004401e-05,0.00012567702432953164,19.33651005756417
113.85921647393906,-1.2598871859776288,-0.10117442027979985,28.275911350014724,-0.04067213005489774,5.239631768125953e-05,0.00015289768048720427,41.61964071208515
114.40269722083136,-2.34684867976225,-0.5280796064074841,28.889717050246247,-0.48088781774779893,4.856219078580311e-05,0.0001955093442259089,27.440437388612796
113.9580311551922,-3.137366129787429,-0.20901248250121884,27.716331995269456,-1.2363455663492653,6.075904937325116e-05,0.00017346039138745192,46.8964156180713
111.33944210198379,-1.704553251616792,-0.6439751631116847,27.201538881843533,-0.9526315544858391,4.638248368734135e-05,0.00013967949716870361,18.367575922095337
112.47581093639499,-1.852775273496513,-0.5240617151132383,28.154259994883603,-0.6761596276436324,4.906455597709584e-05,0.00015133949512554162,28.007636446741927
113.76040179268591,0.32114771407272896,-0.636658295320556,25.269081440678406,-0.1358606005892342,4.030178320438727e-05,7.76742468022667e-05,19.190760720283958
114.55091924271109,-0.27174037344615526,-0.7351533617171493,27.478954969806466,-0.007368786835376132,4.758134466390251e-05,0.0001225028147797706,10.312245914415728
113.9580311551922,-1.6551459109902185,-0.19399878970085,28.44019689206732,-0.16587256649394092,5.0348446319417405e-05,0.00017791773396211072,37.40567459669665
114.35328988020478,-3.0385514485342813,-0.5774490594671843,28.17905081760739,-0.9343579301127684,5.259057621391921e-05,0.00016225866684423755,24.866859072403276
115.04499264897682,-0.617591757832171,-0.6179876256860466,27.558596052946882,-0.05207816906917242,4.844163770811865e-05,0.00015047828586211724,23.142091746762286
114.84736328647053,-1.852775273496513,-0.41212026374833866,28.72808390016911,-0.08549227979448105,5.2805292124918764e-05,0.00017905743306456784,31.31132839884074
113.11810636454045,-1.556331229737071,-0.42276482496557527,28.50758573273083,-0.2078850990460243,5.033640084072346e-05,0.00013315814673480606,29.892869225233472
111.19122008010407,-1.556331229737071,-0.5092458110975148,27.307001603679964,-0.9312458906644655,4.7524328941325886e-05,0.00014223444212921706,30.82068366702553
112.87106966140757,-2.34684867976225,0.015135032033019127,28.312243091912876,-0.8842005950433235,5.875283731530773e-05,0.00020710519508963942,53.43998071620038
114.40269722083136,0.07411101093986053,-0.6377721047508815,25.255870720192263,-0.05456478654602428,4.5848982210562245e-05,9.950639583784951e-05,13.93216738780254
112.92047700203415,-0.9634431422181868,-0.6775455293521019,27.282509175053406,0.07772853786562697,4.688767235329837e-05,0.00013500330789912993,14.011646082728198
113.66158711143275,-2.000997295376234,-0.4938912279160582,28.509180181997806,-0.37342073152094707,4.71768548139742e-05,0.00018740908034323592,23.159080712388587
114.74854860521738,0.17292569219300788,-0.593931707412861,25.74635224989902,0.05878126621246337,4.683773355677014e-05,0.00011805747043383494,18.314147973271393
113.61217977080618,-0.4199623953258763,-0.9003639824659322,25.381018410200056,-0.1483464344048206,4.28777432179946e-05,9.729218565899625e-05,6.903417447030655
112.87106966140757,-2.297441339135676,-0.027389562678886255,28.312243091912876,-0.8842005950433235,5.7441204098200886e-05,0.00020017470398446205,51.133381335514734
111.8829228488761,-0.9140358015916131,-0.6515417240335112,26.43276718045462,-0.9171151217119193,4.783781355011558e-05,0.00010760295961955553,18.8741435585057
113.80980913331248,-2.495070701641971,-0.7093498131017976,28.616029381457736,-0.7369898263319039,4.7605437574760974e-05,0.00016166054857174155,16.987605580655405
112.57462561764814,-2.0998119766293817,-0.4701549579772521,28.50506294627246,-0.9984697103500367,4.9093385120163806e-05,0.00018488977821811512,23.405514053079507
115.2920293521097,-0.6669990984587447,-0.5290970719740339,27.829194287900577,-0.15269123330528356,5.054820403749055e-05,0.00013934081810866767,21.701050064672465
111.63588614574324,-1.8033679328699395,-0.5392803979601659,27.92170248620306,-1.1886748487566725,4.562655226461512e-05,0.00010265689492725324,27.369091303168588
113.76040179268591,-2.840922086027987,-0.2704117534384617,28.062499288865126,-0.9358845625394653,4.96137731118456e-05,0.00015355926826054057,35.85714449833033
112.821662320781,-1.3092945266042026,-0.5908892028590207,27.383257872970034,-0.14889499729062305,4.636216574660732e-05,0.00011651223594137638,24.89333966745059
114.20506785832507,-3.0385514485342813,-0.3308832420551567,27.942993959968533,-0.9578202962875366,4.999948024952138e-05,0.00013517379797206417,31.753490755340287
111.53707146449008,-2.643292723521692,-0.35545405931554164,27.4892510732015,-1.404484611970407,5.0113698932641655e-05,0.00010225817275187554,28.552301719751945
114.00743849581877,-2.939736767281134,-0.5031559287452454,27.84050915094076,-0.866310512578046,4.9382039568194406e-05,0.00015727447183725492,22.64538735314648
114.10625317707192,-0.17292569219300788,-0.6536065676958093,26.253962806419167,-0.19321857705528359,4.47896236608851e-05,0.00012302229917497955,19.648402144085093
113.26632838642017,-2.34684867976225,-0.3672930324112806,28.499363317607447,-0.6096712439148514,5.100035842688473e-05,0.00019832719027335663,32.6191777446485
113.41455040829989,-1.2104798453510552,-0.5528017643262793,27.867774534814146,0.12843368230042637,4.957285985347109e-05,0.00012637064670563986,19.82130412877612
114.1556605176985,0.4199623953258763,-0.5400269459441521,23.252666751249308,-0.13435205265327735,4.027644275693273e-05,8.411496372054323e-05,12.051072309150886
111.24062742073065,-2.34684867976225,-0.4883167110687295,27.69814803982962,-1.3689124186833697,4.920006766747019e-05,0.00015083777071362377,31.31421244028164
113.01929168328729,-2.34684867976225,-0.16280061436132523,28.35184511255335,-0.7838806502613019,5.0871551390473314e-05,0.00016514787982481596,45.96903273992346
112.87106966140757,-2.198626657882529,-0.39095123626775485,28.496933967684583,-0.7871290769106077,4.988316451936476e-05,0.00015805645077877575,28.908949158322116
113.31573572704674,-1.4575165484839236,-0.522980257111022,28.32953487914284,-0.1080880974545891,4.853974730433806e-05,0.0001347808908389423,22.10826646432851
115.34143669273627,-1.2104798453510552,-0.5724264953796547,27.9974463615888,-0.23464637774008298,4.703406840846656e-05,0.00015580189051141828,21.912421388047857
113.31573572704674,-2.5938853828951185,-0.26658431628769746,28.248091375091917,-0.7255461112952527,5.1495485691001334e-05,0.00015021363797387946,36.570680502141066
113.46395774892646,-1.9021826141230869,-0.42804426229112286,28.62029129310895,-0.32729774492758296,4.9426679218058984e-05,0.00018287051731290694,28.893759559556425
113.5627724301796,-1.3092945266042026,-0.37040322780040086,28.107216206303406,0.056119078471336827,6.109703010231492e-05,0.0001830816204080996,35.56090531238675
112.52521827702157,-1.3587018672307762,-0.649358119863929,27.236282202638222,-0.5073085051995737,4.550703718132388e-05,0.00011675605776560192,10.082917571581932
113.85921647393906,-2.791514745401413,-0.5580205849743467,28.142550287128984,-0.8789937687508853,4.923690396454032e-05,0.00019277416932621017,21.333515984568006
112.87106966140757,-0.9634431422181868,-0.6204687222875053,27.282509175053406,0.07772853786562697,4.674560791700204e-05,0.0001263240086766521,19.611433318571976
112.12995955200897,-3.236180811040576,-0.4575638196740184,27.417304940871304,-2.4614281521903147,4.559251394821641e-05,0.00010788875507962988,36.39955671415945
114.00743849581877,-2.198626657882529,-0.2005857820294927,28.594189344806466,-0.5132032956606076,5.41256729269962e-05,0.0001765271321622877,42.16071758459384
114.79795594584395,0.46936973595244996,-0.8593190124925338,26.830134681419054,-0.11446061987935761,4.194282308588839e-05,7.097712259156801e-05,2.4920717552917226
112.0805522113824,-1.2598871859776288,-0.6122980059854415,26.712302167915993,-0.7402013304792803,4.58355876408385e-05,0.0001328878304540276,27.287873591936027
113.80980913331248,-3.433810173546871,-0.3723101071995597,27.729054434505542,-4.0696834208052834,4.918910298973064e-05,0.00012817071234135665,36.72494837514711
111.63588614574324,-2.0998119766293817,-0.45329238734935107,27.97583840923545,-1.2958631324179377,4.752472217140311e-05,0.00012496861628211707,26.76758312287138
111.09240539885093,-2.939736767281134,-0.3653456633246491,27.479633138209238,-2.753918416706133,4.884843538995554e-05,0.00010960103108023455,34.9601961250391
112.821662320781,-1.556331229737071,-0.7201782374826069,27.82492031992217,-0.26990133891870943,4.6232705639054614e-05,0.0001454120741466303,13.246976127613337
113.41455040829989,-0.7658137797118921,-0.6861749708709595,27.458037242182968,0.1935438771306732,4.737911478721298e-05,0.0001232394174896693,12.884850714067278
111.04299805822436,-1.6551459109902185,-0.5424168236968845,27.885732434119745,-1.3542835727150058,4.319381047867653e-05,0.00015060936238117333,17.60273460811018
114.30388253957821,0.32114771407272896,-0.9442941150150871,27.887833249127425,-0.16094228220574647,4.14152631996578e-05,0.00010241077592280938,0.33276904241627214
114.1556605176985,-0.27174037344615526,-0.7683166688266935,26.564416244883603,-0.14357363589016006,4.6173619827508546e-05,0.0001099448056575515,8.085665917463597
113.66158711143275,-2.198626657882529,-0.43287984852094996,28.54193119472933,-0.5000558708920889,5.1020484824833264e-05,0.0001244908090781273,33.685061704468346
114.60032658333766,-0.5681844172055973,-0.6929849277456064,28.27181219878014,0.2106118687876949,4.8249164244257794e-05,0.00015653653997257239,16.20929640035818
112.27818157388869,-1.704553251616792,-0.6228942432663205,27.50851105584036,-0.7759543686737248,4.745810884336812e-05,0.00015114764081072544,15.043365255533367
114.1556605176985,-1.1116651640979078,-0.18503144599603244,28.254134609081177,0.0599514834674788,5.306598121825023e-05,0.00014432421710304337,41.43136958425665
112.77225498015443,-1.2104798453510552,-0.6455445140923015,27.256573001249365,-0.10069907594610142,4.693547736558443e-05,0.00011759100304812216,13.848884419421148
111.8829228488761,-2.3962560203888237,-0.48931562920783195,28.171132824744745,-1.3318429802670892,4.746443988091604e-05,0.00016949118635447316,23.758644479883664
113.66158711143275,-1.3587018672307762,-0.4446663760397764,28.321668125670726,-0.059695507273261936,4.868173603605642e-05,0.0001721239326305382,30.300493488811313
114.40269722083136,-1.556331229737071,0.017105610503189976,28.413766408849654,-0.05858858573583907,5.556151484649455e-05,0.00019443582083923983,50.78455884565934
113.80980913331248,-0.46936973595244996,-0.6246978640842472,26.170526994304907,0.06100415153267944,4.597519564257503e-05,0.00011611104863251203,17.36106167609437
112.52521827702157,-1.2104798453510552,-0.6162936457922508,27.24073098736045,-0.6371785078519656,4.535215814979117e-05,0.00013552535804150237,20.511347258036643
111.29003476135722,-1.6057385703636446,-0.6508946674772053,27.096443877985394,-0.7401644079773513,4.519426545208529e-05,0.00013594093420850093,13.407020301014892
114.74854860521738,0.17292569219300788,-0.593931707412861,25.74635224989902,0.05878126621246337,4.683773355677014e-05,0.00011805747043383494,17.857561394699957
113.5627724301796,-0.4199623953258763,-0.7873675767999243,25.381018410200056,-0.1483464344048206,4.3222802739773024e-05,0.00010393681830768794,13.441950619600131
114.35328988020478,-0.17292569219300788,-0.4765536084626239,25.424412145732333,-0.1635720685676292,4.4706474429762005e-05,0.00012871347952882138,23.38051636489748
111.93233018950268,-2.4456633610153973,-0.5930152873011773,28.171132824744745,-1.3318429802670892,4.6172103211253825e-05,0.0001123270740474511,18.328592832289225
114.40269722083136,0.17292569219300788,-0.4704079456539631,26.36388034114134,-0.04142715754332366,4.425691844091623e-05,0.00013243424479206283,19.09826506100463
113.31573572704674,-3.137366129787429,-0.3733736482885956,27.642119273433025,-3.0607331049295112,4.8411241611227595e-05,0.00010774494042763648,33.732888996134214
113.85921647393906,-1.9515899547496605,-0.4142646810413278,28.480733278062587,-0.4412526422076755,5.103720436443783e-05,0.00022978551260057403,31.253791293187664
113.01929168328729,-0.617591757832171,-0.9652769275243699,26.087470956496304,-0.30928408510891003,4.4466136893515835e-05,0.00011272693070660401,0.4911101583958617
113.06869902391388,-2.7421074047748393,-0.4014234172850398,27.888755558155253,-1.024025356328046,4.749513358146693e-05,0.00010640499151901524,30.195465663575376
111.63588614574324,-1.6057385703636446,-0.7151843435194057,26.22178145514596,-0.8129168071864563,4.246329971154015e-05,9.239193580813802e-05,13.975387128511674
115.34143669273627,-1.7539605922433656,-0.6491502165964131,28.029416727136834,-0.7344444342601446,4.829781885843062e-05,0.00015474804649866385,15.646510244566436
115.09439998960339,-0.27174037344615526,-0.6429735246106876,27.415285506071882,-0.11301160005875577,4.7426718076144197e-05,0.00011781813395410393,22.11452282818853
112.47581093639499,-2.297441339135676,-0.3996299619851617,28.330526512051847,-1.1949215332667034,4.876860753635495e-05,0.00018547528548871014,30.69274023316868
113.31573572704674,-2.198626657882529,-0.20114434947244605,28.657075147275577,-0.47858129165790697,4.6139138761335586e-05,0.00015765647968107673,38.22497153303049
111.78410816762296,-1.9515899547496605,-0.5883271134644181,28.06346680911969,-1.1960887364399284,4.570641883328104e-05,0.00012672017520664052,19.16683908603378
113.2169210457936,-0.9634431422181868,-0.6771107527449979,27.404353431419054,0.3670766221152411,4.707964236278753e-05,0.00010514440800514602,15.771558298169444
115.24262201148312,-1.9021826141230869,-0.6734855316583699,28.7568593390194,-0.5209231126455611,5.075311120523095e-05,0.0001838975785302209,21.488485001146348
114.6991412645908,0.6669990984587447,-0.8758396454844674,24.00147317486045,-0.14421412827056132,4.194998077368551e-05,8.865554791242226e-05,8.195242050255615
112.67344029890128,-1.0128504828447604,-0.6479726234572252,26.98578789322471,-0.35432049521693476,4.569777394843135e-05,0.00011517952833310603,19.73389205191545
113.85921647393906,-2.5444780422685445,-0.6924477631702892,28.45873952324007,-0.6865175197153917,4.814483196110718e-05,0.00017404183799104659,15.604385058876153
114.79795594584395,-1.4575165484839236,-0.41428651399368566,28.522219099821882,0.05239065929695411,4.966760929379965e-05,0.00016538407367656672,29.696659450204187
114.50151190208452,-0.6669990984587447,-0.5608915119954341,28.014952148625866,0.25071498052573493,4.766004063041616e-05,0.00013981618713717535,19.461411110113694
113.46395774892646,-2.0504046360028076,-0.39267459413913663,28.533072808348095,-0.4128517030197897,5.1518848590820256e-05,0.0001990861575437579,31.241312063072716
113.9580311551922,-1.3092945266042026,-0.3154718043203994,28.16486956278493,-0.01841765715752119,5.326303729784414e-05,0.00016761644636147205,37.23770690133149
113.51336508955303,-0.07411101093986053,-0.7826759791961174,27.42380631529261,-0.2537292830738021,4.42901827149046e-05,0.00015863899525663582,11.176780981185644
112.72284763952786,-2.7421074047748393,0.13447121539364287,27.92053603655023,-1.4795503189534314,5.5970029524680756e-05,0.00017779859272574287,55.80163727780173
115.24262201148312,-1.556331229737071,-0.6556448210662933,28.41825437663522,-0.4557074249526601,4.905261432454703e-05,0.00019754605394749607,19.88344142090561
113.46395774892646,-1.40810920785735,-0.7145297228796471,28.305675407692263,-0.0489035874237249,5.033686385092608e-05,0.00014848780218366532,11.609200234793194
114.10625317707192,0.617591757832171,-0.7391185669530802,25.848858157499365,-0.05361911838437305,4.396924548154137e-05,0.00012478225490002956,4.9792006323158535
114.45210456145793,-0.27174037344615526,-0.5695194386093686,26.231254714212355,-0.05113928259154897,4.564994053068505e-05,0.0001271874717679383,18.482005805634287
114.74854860521738,-0.4199623953258763,-0.6903518129788524,27.98193288261507,0.11718362201879054,4.7034554848446265e-05,0.00015795885927522534,14.663128722347711
112.57462561764814,-1.9021826141230869,-0.4148092023048594,28.215195686434583,-0.6327869906837557,5.0660104102369214e-05,0.00018824079519046033,27.039977517222095
112.87106966140757,-1.704553251616792,-0.5722332196335854,28.340686981766282,-0.3188899637740335,4.824009867281233e-05,0.0001588117212571351,17.65575710470774
112.92047700203415,-1.556331229737071,-0.576462373485597,27.968933147854216,-0.24828208375860145,4.7823658803078415e-05,0.00017197311344895746,18.409724223117635
114.30388253957821,-3.28558815166715,-0.5326815426364933,27.867123493147517,-1.7906977497501135,5.058355544119877e-05,0.00013593824787644444,29.00518370888815
111.04299805822436,-1.852775273496513,-0.6090266261136897,27.52714109538516,-1.408369763397876,4.8124607464572156e-05,0.00018469088552517513,23.294717934561547
112.821662320781,-1.1610725047244816,-0.5337172890198196,27.256573001249365,-0.10069907594610142,4.6398285221040334e-05,0.00012690428121202234,24.970675528192576
112.87106966140757,-2.8903294266545605,0.23467552645833764,27.42428555429717,-1.6197503334210241,6.933507932909037e-05,0.00017228913419110105,68.81206928398556
115.04499264897682,-0.27174037344615526,-0.6754232158283091,27.04918006143447,-0.056565383334218726,4.6549423084420536e-05,0.0001200007046716445,16.56736586515376
113.5627724301796,-0.8646284609650394,-0.7316885129799086,27.51836710329411,0.35346352171014855,4.869181283030064e-05,0.00014593497841714406,12.889591986644778
112.37699625514185,-2.198626657882529,-0.6664915498255096,28.231794234852657,-1.1938628370379223,4.704419838461132e-05,0.00018529890909709464,18.779260228046056
113.71099445205932,0.32114771407272896,-0.32143989750217156,22.977149534814146,-0.17932968816639466,4.269863995866937e-05,0.000106939555288383,33.97091596357536
114.40269722083136,-2.2480339985091025,-0.3118393743727491,28.880216664443765,-0.37472206133383296,5.577319548306054e-05,0.00019079790712782707,37.96672142650101
112.87106966140757,-1.2598871859776288,-0.5126720614826412,27.356034686241685,-0.1203463680950212,4.626495691684159e-05,0.00013381458201185148,22.861199410289277
111.8829228488761,-2.297441339135676,-0.6399053408694098,28.316471848664435,-1.256072731665623,4.944631037357273e-05,0.00014977518515930252,17.695101624189128
114.6991412645908,-1.40810920785735,-0.2608388753735534,28.34826739746842,0.05771578829965474,5.0271954084927044e-05,0.00015513456634684637,35.8566500770935
113.71099445205932,-2.2480339985091025,-0.4950842447058569,28.54193119472933,-0.5000558708920889,5.190981760570656e-05,0.0001630379809061609,25.612979915864134
112.92047700203415,-2.5444780422685445,0.09877062442637723,28.04633476822471,-1.0552851520938633,6.098725423580345e-05,0.0001826424078161783,59.68010858495911
113.61217977080618,-0.07411101093986053,-0.6705822406150854,27.628528778641396,-0.1275982488820582,5.161653364567639e-05,0.0001321195916595125,19.860434672402214
111.43825678323694,-1.8033679328699395,-0.577352123857126,27.96672382590208,-1.133734165886302,4.62832925943436e-05,0.00015520620103570072,23.480048072060605
114.25447519895164,-2.840922086027987,-0.4543537098174158,28.12616272443603,-0.7426638353018112,5.283534494984069e-05,0.00018144231028425565,26.805420110537487
114.05684583644535,-0.07411101093986053,-0.6240068856004493,26.051220594806352,-0.25391314206299953,4.547309816279539e-05,0.00011962379319932179,19.681989168349364
113.01929168328729,-0.5681844172055973,-0.823898698791836,26.087470956496304,-0.30928408510891003,4.332942502089596e-05,9.586587124579113e-05,9.587874928613864
114.30388253957821,-1.4575165484839236,-0.11940662146448572,28.222251651905196,-0.018474924711533534,5.3021089172166226e-05,0.00018690179501487861,37.50408127353704
112.37699625514185,-2.7421074047748393,-0.4486980862241724,27.767839638980774,-1.583368859173339,5.014663549196567e-05,0.00011733652121527223,31.389829252888987
112.32758891451527,-2.000997295376234,-0.615736193657208,27.689536808155196,-1.0909417396710241,4.954617761720542e-05,0.00014944664484733172,20.857148971092876
114.60032658333766,-0.17292569219300788,-0.7077388994461122,26.639982289443765,-0.07683809745458908,4.276635089017533e-05,0.00010845870120120906,20.194462956258818
114.64973392396423,0.17292569219300788,-0.7409316616618767,26.100048719806466,0.05437919975798807,4.6187336524294905e-05,0.0001451669241491287,11.763041129341191
115.24262201148312,-1.40810920785735,-0.7853438724533021,28.406143796002482,-0.2943945210657002,4.8921955257085335e-05,0.0001561242098206696,11.430824856572768
112.03114487075582,-1.3587018672307762,-0.49409186184156506,26.93879232995306,-0.6904463753288176,4.429031149232603e-05,0.00010587238738898769,23.637480669897926
113.51336508955303,-1.8033679328699395,-0.5407225560735692,28.566803397661374,-0.2715199008400057,4.9679603222732964e-05,0.0001479088419083605,20.651918945501777
115.24262201148312,-0.8152211203384657,-0.4297762815837085,28.033395315099654,-0.14385243845574652,4.9682016232376605e-05,0.00019251641233632003,25.563728192967034
114.45210456145793,-0.7164064390853184,-0.477519329586197,28.014952148625866,0.25071498052573493,4.895496864891638e-05,0.00014464134809173625,26.1660279242462
114.64973392396423,0.27174037344615526,-0.9189081504859319,26.635238124706177,0.007654150327046707,4.539620931926481e-05,0.00016284430568559241,7.953311731411957
114.05684583644535,-1.704553251616792,-0.29485984191988096,28.419016939328117,-0.13054677439324647,5.039900114574068e-05,0.00014915109619438827,32.76325815956945
112.17936689263554,-0.7164064390853184,-0.953557225588894,26.01827065267679,-0.5691212945514256,4.7343950440818723e-05,0.00012569625451581054,2.5124081582128914
114.6991412645908,0.5187770765790237,-0.6792505014858683,24.77114005854105,-0.09358810348275269,4.24109141990894e-05,8.58361823700221e-05,12.815651737764648
112.17936689263554,-2.6927000641482657,-0.530554919094656,28.025034252213914,-1.6909210932107617,5.243739166579041e-05,0.00012428383010855504,26.82232600887572
113.06869902391388,-0.7658137797118921,-0.7043045150630493,26.259077703216974,0.07549585677959303,4.5201555782526667e-05,0.00011202058437510838,14.592425933176859
113.80980913331248,-1.3587018672307762,-0.26529958514504426,28.204079752792552,-0.09121677463437303,4.78607032564628e-05,0.0001344517113244503,27.38743888581509
114.00743849581877,-0.9634431422181868,-0.24465718135252582,27.9805976443821,0.19292222276146032,5.399511695406385e-05,0.00015730575485195148,40.91991645537725
114.25447519895164,-1.6551459109902185,-0.35868621997407424,28.550889045809527,-0.13170794940289157,5.141320904418764e-05,0.00015572499374749208,26.44139861511726
111.24062742073065,-2.840922086027987,-0.4698744239686309,27.419022967491628,-2.2394365072250366,4.747013980601138e-05,0.00014014534308691675,26.2927115970365
112.52521827702157,-1.0622578234713342,-0.7368506967635476,27.03801590248389,-0.7499390752227215,4.50829180869018e-05,0.00011581722409074561,14.818079524163547
115.09439998960339,-0.7658137797118921,-0.718241963630693,28.131009367954675,-0.0984392681239564,4.7828281993192445e-05,0.00014808410264978276,8.41049538531589
113.9580311551922,-0.4199623953258763,-0.6488388324374933,26.304147268224654,-0.007947490539079833,4.546016650357826e-05,9.233680702919254e-05,16.570815770213343
112.92047700203415,-0.617591757832171,-0.9107943481600476,25.701822205531812,-0.3276534065788174,4.576288933453577e-05,9.651950207466274e-05,2.9456165678742225
113.41455040829989,-1.1610725047244816,-0.6007001454028027,27.867774534814146,0.12843368230042637,4.906615208055758e-05,0.00012265285667981132,19.69461020630983
112.92047700203415,-0.9140358015916131,-0.6891185516413372,27.484446626828117,0.06371757866423808,4.552244789558696e-05,0.00012896584472671442,9.059251011597516
113.46395774892646,0.22233303281958158,-0.8889996083702646,25.72824063242217,-0.24911623089401813,4.327438171657994e-05,0.00010516301132801078,4.770467145411635
112.96988434266072,-0.8152211203384657,-0.6999331961771075,27.00900235117217,0.034918780680055966,4.609823902876204e-05,0.00011392543084886772,8.913816500642955
113.2169210457936,-2.0504046360028076,-0.3122353858820336,28.61309969395768,-0.4327521780390799,4.59565670502739e-05,0.00010705312452393736,36.10469470191315
114.1556605176985,-2.3962560203888237,-0.5378698604107213,28.722001483116685,-0.6262456796787403,4.928327260837118e-05,0.0001921576780264643,22.14935883063943
113.36514306767332,-0.4199623953258763,-0.7722648236086359,25.10213747848701,-0.35821845649201195,4.6878548538359694e-05,0.00010991687307882208,10.873186403792138
112.72284763952786,-2.5444780422685445,-0.07316923251589497,28.179732000091974,-1.2492172026339874,5.843633058529661e-05,0.00021843837486615596,51.82415560728217
113.5627724301796,-0.3705550546993026,-0.6639524050725484,25.381018410200056,-0.1483464344048206,4.521367200965207e-05,8.75272344036662e-05,11.218893761621768
111.73470082699639,-1.1610725047244816,-0.5681290956620928,26.761751193764837,-0.7402947670147741,4.771680972258505e-05,0.00010807471405482121,21.260418890805948
115.2920293521097,-1.8033679328699395,-0.7377419942366816,28.029416727136834,-0.7344444342601446,4.778275242772318e-05,0.00015278855040586772,13.291282939950966
114.25447519895164,-1.7539605922433656,-0.2667620100722543,28.753854299474654,-0.17826647081492858,5.418153213698572e-05,0.00018544571124053385,37.11118944717886
114.40269722083136,-2.000997295376234,-0.35889921490967575,28.831762285585796,-0.2681908475028144,5.170566532040661e-05,0.00017424526811507694,27.392133934473748
112.62403295827471,-2.0504046360028076,-0.5007531174619496,28.50506294627246,-0.9984697103500367,4.600585415141227e-05,0.00017918866810493104,22.800935981029973
114.20506785832507,-0.46936973595244996,-0.7155418424878713,27.79927048388828,0.06570687264571955,4.741252804572379e-05,0.00014019577428311188,11.968576585669439
113.9580311551922,-2.000997295376234,-0.26095473554798,28.75088241482962,-0.3775439954098361,5.1381841853005474e-05,0.00019297869491438104,41.12929798283575
112.57462561764814,-0.8646284609650394,-0.6507246245601468,26.68600731837904,-0.6181747221652374,4.40676524430266e-05,9.594960535386031e-05,20.499477835765564
114.10625317707192,-0.3705550546993026,-0.7032586997447546,27.203127302946882,-0.01140690291369403,4.405823536311773e-05,0.00013033390461694824,15.546787492466537
111.68529348636982,-2.495070701641971,-0.5297605077673901,27.741451352908314,-1.16292178042141,4.7727365986656704e-05,0.00011477044334978943,32.068036491806616
111.73470082699639,-1.852775273496513,-0.5366398323764924,27.655245599628984,-1.2498162513897741,4.5169553003618586e-05,0.00012256409252466051,22.94324802732674
114.25447519895164,-2.34684867976225,-0.6157244571524086,28.843571458039435,-0.5127602256374595,4.8104028803865955e-05,0.00018362122261476806,18.310676168184518
113.16751370516702,-1.4575165484839236,-0.7220432269049589,28.330565695115126,-0.12761784041369403,4.667104638549507e-05,0.0001469456705028722,13.889540059576879
114.10625317707192,-2.643292723521692,-0.5224244371215592,28.26298696729873,-0.6639141668508081,4.7584612121188e-05,0.00015940000288004868,18.07714418367476
113.5627724301796,-0.22233303281958158,-0.7751609692188668,27.066031792723095,-0.12631425003946564,4.54217609173726e-05,0.00012596404379670314,9.567085020668094
114.00743849581877,0.07411101093986053,-0.5324346429616543,26.0435587988959,-0.15120453746230514,4.7350977301081505e-05,0.00010770404932099951,19.243778695919143
111.63588614574324,-1.9021826141230869,-0.5801758576037125,27.895184594613568,-1.2846243749430153,4.5277801953569734e-05,0.00018270228609688726,18.38807836413702
114.10625317707192,-2.5938853828951185,-0.4630471782979986,28.26298696729873,-0.6639141668508081,4.9982833825251985e-05,0.00016942342599160937,23.705929984547655
111.68529348636982,-1.6551459109902185,-0.5953022072773363,26.921343810470034,-1.0177409957956387,4.306254009303695e-05,0.0001165176913808952,18.569151919198863
112.22877423326211,-1.6057385703636446,-0.791277646469524,26.177329776905196,-0.7384335715093732,4.68822424310125e-05,0.0001204102313127661,8.273611940478132
114.60032658333766,-1.852775273496513,-0.6535845826642559,28.87826353944382,-0.14793425872002117,5.2171752324567944e-05,0.00017620286313807626,17.558287589439352
112.22877423326211,-0.8646284609650394,-0.65478554321014,27.428686113710796,-0.9069893139379993,4.86223583136757e-05,0.00013372560369996937,18.42141703421291
112.32758891451527,-0.7658137797118921,-0.4815841570596925,26.723758692800345,-0.6762086064727219,4.3867689876064016e-05,9.18588747230105e-05,27.41969410667604
113.11810636454045,-2.1492193172559553,-0.609276485076012,28.551311017260105,-0.49191558949741315,4.5330199772883465e-05,0.0001536199752124059,20.51617194144291
114.6991412645908,-2.3962560203888237,-0.2854654044328074,28.63037942486045,-0.2637330205352218,6.018217192416387e-05,0.00024860967037902763,31.444226801423333
113.71099445205932,0.17292569219300788,-0.47142289390101083,23.662099621619745,-0.13348098301593167,4.1802789195974634e-05,0.00010428615889521277,21.90524162636865
113.9580311551922,-2.5444780422685445,-0.6931491918324534,28.386443757422228,-0.6304096336717959,4.7223104940810475e-05,0.00016880026148668876,15.566063417251918
114.20506785832507,-2.495070701641971,-0.4965472489661451,28.36671357802402,-0.6455275144106076,4.802278330993577e-05,0.00014918474822776811,24.266615293043095
113.46395774892646,-2.198626657882529,-0.4612676280788247,28.44590254889596,-0.5179158125394657,4.9647545380826425e-05,0.0001486838296333448,27.191971307888448
113.80980913331248,-2.939736767281134,-0.34123264554245164,27.92421924449775,-0.9370502586717959,4.9991884514713456e-05,0.00012239381118545574,36.40803584646337
111.48766412386351,-2.0504046360028076,-0.5810259626272781,28.041337420616685,-1.3097309227342957,4.7246882997346907e-05,0.00015639277825624543,25.742637180954798
112.72284763952786,-1.1610725047244816,-0.5972730977849833,27.305286591141282,-0.31672962065096255,4.619436194095874e-05,0.00012695402316749692,17.316632371091274
111.78410816762296,-2.840922086027987,-0.49490265060286476,27.923212541179907,-2.586240525598879,4.628157310000279e-05,9.940688074293479e-05,25.218589356441782
111.8829228488761,-1.556331229737071,-0.8227099171168729,26.53870009905023,-0.7354526446189409,4.539710425191515e-05,0.00011513291951593885,9.004471524776973
113.41455040829989,-0.6669990984587447,-0.8247035781935792,26.66253063531576,0.08701040273831218,4.565790742209113e-05,9.748900205358168e-05,7.3542134429534345
113.2169210457936,-0.9140358015916131,-0.6790797498129517,27.391854034235507,0.2986765570110745,4.701119605266548e-05,0.00011915556863589131,20.242442208602533
111.63588614574324,-1.0622578234713342,-0.7094102517140044,26.611740343070323,-0.6953065822153915,4.6724302578002986e-05,0.00010683842411241099,13.34174671981866
115.2920293521097,-1.0622578234713342,-0.5122069704749618,27.9431084950765,-0.21647975327056132,4.861608341382715e-05,0.00014734147513851303,20.307210409848928
115.6378807364957,-1.0128504828447604,-0.6903544296943046,28.123335515716974,-0.5269731283187865,4.52930912584997e-05,0.00013794369093699787,14.722933586666512
113.46395774892646,-2.297441339135676,-0.5166251543560765,28.725859507808025,-0.59846865542141,4.586190543854502e-05,0.0001364092631909743,21.511440971147124
114.50151190208452,-0.32114771407272896,-0.51462993043968,26.231254714212355,-0.05113928259154897,4.655706167551477e-05,0.00011993288352424589,20.437704362233905
112.42640359576842,-1.704553251616792,-0.52033595279899,27.739404791372806,-0.6455094299198668,4.797964844849028e-05,0.00012441654033806243,27.642765274890188
114.64973392396423,-2.198626657882529,-0.4398403409563276,28.936646303718476,-0.275602474624728,5.3056671592117024e-05,0.00017109786285323544,29.266645965464857
113.06869902391388,-1.5069238891104972,-0.3807297620107982,28.415252351172228,-0.14930943353676498,5.2336507772783945e-05,0.0001264141584123757,31.333539518353916
111.63588614574324,-1.556331229737071,-0.6236229017748252,26.22178145514596,-0.8129168071864563,4.247833091224425e-05,8.703346081851256e-05,14.900012295273052
113.46395774892646,-2.5444780422685445,-0.5482007279077249,28.585505775169054,-0.7999042625780457,4.5806916758670417e-05,0.00012296522013724432,24.185731673829896
112.62403295827471,-3.3844028329202973,-0.30859471071600353,27.410116355801847,-4.585924047010916,4.6782260929802417e-05,9.18956094888505e-05,41.483517582183985
113.61217977080618,-0.8646284609650394,-0.7797632327995276,27.51836710329411,0.35346352171014855,4.893773235404575e-05,0.00013881959299228905,12.744744649052077
112.96988434266072,-1.704553251616792,-0.5313953960826647,28.48705079349469,-0.3014798738338329,4.8030334445946394e-05,0.0001559105965361344,21.253594539073134
112.37699625514185,-2.0998119766293817,-0.5847099634149248,27.983406768610507,-1.1363225086235704,4.8891690912923014e-05,0.00019009234155318235,22.09827279260525
114.00743849581877,-2.9891441079077077,-0.44437844590589914,27.92038834654261,-1.0048053102728762,4.9378485034009844e-05,0.0001348275747809428,30.242436464575615
112.03114487075582,-3.236180811040576,-0.4000090092089178,27.417802264366685,-2.506553477711148,4.65669038245591e-05,0.0001342468109632465,36.46116889633349
112.96988434266072,-2.1492193172559553,-0.495981716883347,28.484751049088914,-0.5596789298234163,4.9007835753792385e-05,0.00016125464486803172,24.068318576030478
114.84736328647053,0.617591757832171,-0.7602166954444332,24.93099490036201,-0.1439941002998823,4.2845444045566376e-05,6.750462346469359e-05,9.386812181415413
113.41455040829989,-0.02470367031328684,-0.9354501243196073,26.482394037128984,-0.40808643970960456,4.2353003684015196e-05,0.00012916780754708236,0.7602985166213081
113.11810636454045,-0.5681844172055973,-0.6394548813523572,25.71312199816299,-0.2702245991907002,4.579473206591028e-05,0.00011690171853166244,18.84725119449261
111.1418127394775,-2.8903294266545605,-0.3060061256534378,27.479633138209238,-2.753918416706133,5.793519854760536e-05,0.00013729332045019007,37.50328451045549
112.32758891451527,-1.704553251616792,-0.5693291928857253,27.50851105584036,-0.7759543686737248,4.7209872658007117e-05,0.00015933189433538317,18.439659871578453
114.84736328647053,-1.3092945266042026,-0.5202585866768977,28.46594619280029,0.05622005021130597,4.893346598373938e-05,0.00016784150217121998,19.755213422154352
113.36514306767332,-2.8903294266545605,-0.3541723557906161,27.75902344974469,-1.3021595492775058,4.471691586892828e-05,0.00011011710281284175,26.82180295427131
111.38884944261036,-2.5938853828951185,-0.5481112037157002,27.415725562013222,-1.4944609815691723,4.544630680599587e-05,0.00010682832281220821,25.777078950156014
113.61217977080618,-2.3962560203888237,-0.6172644014583822,28.80440045109509,-0.6418194402883083,4.616585466774743e-05,0.00016237550019259226,18.227821644033828
114.10625317707192,-3.236180811040576,-0.47906859490820997,27.630632607730888,-1.4334461703712558,4.867634956120907e-05,0.00014511015941001934,25.629967775672313
114.64973392396423,-0.5187770765790237,-0.7295618171737315,27.576430374899076,0.15841927498946953,4.870455695091035e-05,0.00015584824650116973,12.939668657066546
113.76040179268591,-0.617591757832171,-0.5637272255552876,27.31310813338672,0.20386560022095102,4.7200405202252796e-05,0.00013800923863239396,16.715416588582876
113.9580311551922,-0.3705550546993026,-0.5251333906682499,26.304147268224654,-0.007947490539079833,4.517696175959745e-05,7.516296741933023e-05,20.531500606026484
112.32758891451527,-2.5444780422685445,-0.45793673709153876,28.153765685470034,-1.435289281385916,4.728394000626474e-05,0.0001604489418956173,27.920097474425017
115.09439998960339,-2.2480339985091025,-0.7799000080009137,28.654082164057968,-0.2696534306914718,5.2487171267699235e-05,0.00019429249458450157,13.775402535728615
114.30388253957821,-0.617591757832171,-0.5701663851388649,27.82428434866449,0.16316343972712388,4.823280264396077e-05,0.00012050379801048038,26.75912387971867
115.09439998960339,-1.0128504828447604,-0.5759264111635684,28.117554506843476,-0.014519695882444018,4.963274864148217e-05,0.00015227987906930445,18.763779492516107
112.17936689263554,-0.9140358015916131,-0.6144377376557824,27.428686113710796,-0.9069893139379993,4.925035464515336e-05,0.00010170901505976883,19.13359284827994
113.36514306767332,-0.5681844172055973,-0.8435268887419107,26.249125205146015,-0.055518743432598355,4.4851005324231e-05,0.00010306886628565081,7.575549489390537
112.03114487075582,-0.9634431422181868,-0.467235821097459,27.391896231380485,-1.0513902049005768,5.097471088915909e-05,0.00011627452830660223,24.992722437818017
112.37699625514185,-2.5938853828951185,-0.5427762567901149,27.956970257229273,-1.482953217294481,4.8573714340684245e-05,0.00013844295532811491,21.31612105037349
112.52521827702157,-2.000997295376234,-0.5330241690530634,28.195715675825056,-0.8753746100413949,4.9410177477123136e-05,0.0001727708449378655,26.100641180948045
114.64973392396423,-1.2598871859776288,-0.350267275851717,28.241035409621304,0.0570994085735745,4.9796968094017794e-05,0.00017303549967969206,27.495941166505105
112.72284763952786,-2.3962560203888237,-0.12761487659002663,28.317026439713857,-1.1551680550163175,5.664139329416201e-05,0.00019235252531096925,48.9736717503366
112.62403295827471,-2.791514745401413,-0.1485749537425691,27.785490101943765,-1.580937248689157,5.0963890687620216e-05,0.0001420108545797171,41.815492385726444
111.98173753012925,-2.791514745401413,-0.4613401216566761,27.89049769742985,-1.6680946982937093,4.601655607617536e-05,0.0001389377401892819,25.72187530393915
113.76040179268591,-0.7164064390853184,-0.5820604147464896,27.733925190678292,0.3336836099624633,4.5156935087221914e-05,9.571223332692727e-05,19.700332616832654
115.34143669273627,-1.2104798453510552,-0.5724264953796547,27.9974463615888,-0.23464637774008298,4.703406840846656e-05,0.00015580189051141828,24.383025321365018
114.1556605176985,0.46936973595244996,-0.48988746395626137,22.397942479451558,-0.08253621907881749,4.3403678622742023e-05,0.0001025731092117801,25.975739661385386
114.35328988020478,-0.27174037344615526,-0.5140834771041705,25.366797972314146,-0.07660902723853971,4.471516464715802e-05,0.00012854269336086608,23.419885818748526
113.31573572704674,-1.3587018672307762,-0.5382279133381435,27.98013046170456,-0.04910100978097797,4.7160340163743204e-05,0.00010403441180698246,27.517439358003163
114.20506785832507,-1.0128504828447604,-0.38778531898919505,27.895142397468476,0.08578668553152202,5.185068799321185e-05,0.00016601459316472778,27.578571261450715
112.17936689263554,-0.617591757832171,-0.983705570118038,26.387037531534872,-0.5222221818971046,4.750898942130884e-05,0.0001376272571846442,4.3610398906284065
111.43825678323694,-2.791514745401413,-0.4113332370959901,27.530200388402193,-3.0192307057204064,4.397616733989339e-05,9.032243223802587e-05,33.244041599680635
111.73470082699639,-1.6057385703636446,-0.6726464900341708,25.657834695886663,-0.8375335666868422,4.6000930177117e-05,0.00012949991992172223,15.814531217191508
114.30388253957821,-0.07411101093986053,-0.6816362802710946,25.803215916951558,-0.2693927126166261,4.721538876952063e-05,0.00014831517987761334,17.55224187436496
115.2920293521097,-1.3587018672307762,-0.6893474495490645,27.99203909885739,-0.41109147925435763,4.712600384256752e-05,0.00012521815752210576,10.537649842911305
113.5627724301796,-0.02470367031328684,-0.6943206882630807,27.21675396672009,-0.13678517017835454,4.633902443290563e-05,0.00017359005365647002,14.981888957300995
111.8829228488761,-2.4456633610153973,-0.5182571473944955,28.171132824744745,-1.3318429802670892,4.818287852005761e-05,0.0001389616997238756,26.083808912854753
111.48766412386351,-1.9515899547496605,-0.528784103873716,27.978114040986952,-1.3116923364592186,4.3943571865892174e-05,0.00014016342296755321,22.63952176976398
112.27818157388869,-1.0622578234713342,-0.5381195177492386,26.892408625284872,-0.8889733935579843,4.663024148564831e-05,0.000121107655994347,26.888000246311005
111.58647880511666,-2.791514745401413,-0.35560405803562717,27.54318203867217,-2.590455718982367,4.4111920179558315e-05,0.00011116688050002261,35.83947392723305
114.6991412645908,-0.07411101093986053,-0.6693399792146025,25.523198676403638,-0.03683897153830822,4.493918779904847e-05,9.85573725810362e-05,17.59963843911186
113.5627724301796,0.22233303281958158,-0.6808453482878286,25.217124698780196,-0.16003730414826195,4.293482730131221e-05,8.874404142443904e-05,9.200207573036499
113.46395774892646,-0.1235183515664342,-0.8537449489805813,27.42380631529261,-0.2537292830738021,4.508181186703594e-05,0.0001638875153505446,11.363465728356868
114.00743849581877,0.617591757832171,-0.9110378221935268,26.540571843841974,-0.12758091791176504,4.5309289189603704e-05,0.00010108909577595034,5.921431782445459
113.90862381456563,-1.9021826141230869,-0.3075424446049062,28.49138504310895,-0.32261461534617863,5.195591358340369e-05,0.00019503954022010356,32.63864291937208
113.46395774892646,-2.9891441079077077,-0.4190186204663206,27.844954921581177,-1.3460958195321353,4.482884707121469e-05,0.00015098126997560249,32.754233748766154
115.39084403336284,-0.8646284609650394,-0.3949911689255635,28.03784711390375,-0.2593678765826755,5.466586072377915e-05,0.00015479776280606674,32.56245505236779
113.51336508955303,-1.1610725047244816,-0.5415324061443302,27.997705572622806,0.1408471781530498,5.3960433740518686e-05,0.00018650203333475605,24.23336742222425
114.40269722083136,-3.0879587891608553,-0.47206367153481993,28.19233086197471,-1.0726598265730305,5.453762702464789e-05,0.00018097240777339068,27.26890525866723
111.19122008010407,-2.8903294266545605,-0.3376697586966826,27.48558293566299,-3.098314183729667,5.6996854809328906e-05,0.00013698013687094628,40.26401246051428
114.25447519895164,-0.5187770765790237,-0.5019773457019321,27.16877279870306,0.0729361478193307,4.9063953219339244e-05,0.0001506445044703537,25.33413621930248
114.1556605176985,-1.2598871859776288,-0.03326622667084686,28.241993887630542,0.013576821044639312,5.454345350126389e-05,0.00020144530318758923,47.937762350624574
111.29003476135722,-2.495070701641971,-0.4825329126731235,27.498109459582736,-1.3970752454098359,4.7659528905013914e-05,0.00011419379114817377,33.00271139320919
114.60032658333766,-2.1492193172559553,-0.532246164401676,28.75549094588672,-0.19027607970767552,5.0392487741116444e-05,0.00018273167301932972,18.742204892017394
111.98173753012925,-2.6927000641482657,-0.49535477053729493,28.015132993533314,-1.537650513060299,4.568408369824439e-05,0.00011771806097933173,27.339971821971044
114.1556605176985,-3.0385514485342813,-0.43549981342158695,27.942993959968533,-0.9578202962875366,4.98195078884435e-05,0.00015568910361936006,27.21045683734039
112.12995955200897,-2.5938853828951185,-0.6315996447947898,28.106770122198327,-1.5133426969434014,4.7034084100071136e-05,0.00012392114104567515,21.03428051996655
112.03114487075582,-3.1867734704140025,-0.42220698447284877,27.417802264366685,-2.506553477711148,4.51209314355144e-05,0.00013633075349075183,29.450538028329152
113.46395774892646,-1.4575165484839236,-0.6063520019110821,28.57709347289284,-0.11705725134154898,4.920736601031071e-05,0.00013900163104917231,22.519476227499826
115.09439998960339,-0.9634431422181868,-0.6859829963533678,28.117554506843476,-0.014519695882444018,4.965904908476123e-05,0.00020364984871811654,19.288038134914785
114.1556605176985,-0.02470367031328684,-0.650615596675645,26.3545155890194,-0.29666939929679587,4.465548916100983e-05,0.0001283936787455061,16.663959858360492
111.48766412386351,-1.5069238891104972,-0.5777379189695495,26.647616958618187,-0.6179886026146973,4.371738189141883e-05,0.00011690989398264761,18.866594108667
114.74854860521738,0.617591757832171,-0.8677367229900773,23.26974453867217,-0.12338531605991315,4.401608314462268e-05,7.164358085680259e-05,7.7648662015029455
113.5627724301796,-0.46936973595244996,-0.774326320305975,25.99117405738366,-0.029923160870869964,4.421569704625867e-05,8.978349906677447e-05,6.121953955015658
113.01929168328729,-2.1492193172559553,-0.557144712730214,28.484751049088914,-0.5596789298234163,4.777332506202597e-05,0.00013968937556203836,18.641475850369957
114.8967706270971,0.46936973595244996,-0.7510024146637369,27.56016036139596,-0.14689741458421873,4.50379595367511e-05,0.00011426445300007143,9.149758399928512
112.47581093639499,-3.137366129787429,-0.30024396523014213,27.477746323008603,-2.143250375618169,4.96423057350915e-05,0.0001292810269644869,42.17943656940233
113.9580311551922,-3.137366129787429,-0.20901248250121884,27.716331995269456,-1.2363455663492653,6.075904937325116e-05,0.00017346039138745192,41.816168884212864
111.38884944261036,-1.3587018672307762,-0.6396968174021598,26.806615801210796,-0.544558788523262,4.5059373628332026e-05,8.873458847684215e-05,21.57123161393677
111.58647880511666,-2.3962560203888237,-0.600866506935126,27.895507101365126,-1.1321645827940952,4.696484569118691e-05,0.00014224484758367978,24.159860790991807
114.30388253957821,-0.32114771407272896,-0.5887611837801118,25.662262382036317,-0.10125215995458908,4.491615054453437e-05,0.00012529375279551904,20.740484217017148
112.72284763952786,-2.1492193172559553,-0.3495576043162238,28.491656310470034,-0.9095196356008082,5.136380543845157e-05,0.00019630497293190497,37.50784231584577
114.74854860521738,-2.34684867976225,-0.08995008441712518,28.73751496209036,-0.20652725519957363,6.221580474503832e-05,0.00023314813468640973,52.0409935327021
113.76040179268591,-2.2480339985091025,-0.31232384329850676,28.54970451166605,-0.5414708617292805,5.886080466949119e-05,0.00017595898050682882,41.49952034169066
111.68529348636982,-1.5069238891104972,-0.6421040454001022,25.075155418301847,-0.723553803231981,4.321600977646339e-05,0.00010759529619887244,17.890686249241117
114.79795594584395,-0.22233303281958158,-0.7150690270327641,27.25651874777708,0.0014745291368460963,4.700957694892183e-05,0.00014711498774004202,13.342155759188863
112.32758891451527,-0.9634431422181868,-0.656822579268855,27.093812584582736,-0.9660540142177063,4.587698267381227e-05,0.00013735516162248504,22.724681050545406
113.31573572704674,-2.198626657882529,-0.20114434947244605,28.657075147275577,-0.47858129165790697,4.6139138761335586e-05,0.00015765647968107673,34.99330180502204
114.84736328647053,-0.7164064390853184,-0.6893774542953713,27.88827933323239,0.09176813084402201,4.884838887076605e-05,0.00015149963812158718,20.05753535942879
114.00743849581877,-2.6927000641482657,-0.49066161713524703,28.172585612167552,-0.7881048858901601,5.133140715595487e-05,0.00016270989345123978,27.111021813451913
114.79795594584395,-2.297441339135676,-0.24217926206546855,28.687243091912933,-0.11863361611778354,6.026834608270493e-05,0.0002077662845257078,47.67782427399619
114.10625317707192,-1.40810920785735,-0.34436286462419513,28.120613799860507,-0.027563888349650824,4.9496327925979226e-05,0.00017710710706566048,29.192399768867062
114.45210456145793,-1.1116651640979078,-0.39384959211485016,28.12661785078643,0.09726732307010229,5.1144901997276394e-05,0.00017086077900817272,25.512553086297984
114.35328988020478,-1.704553251616792,-0.13385728470452654,28.56174878249942,-0.1385845770070582,5.563869767342818e-05,0.00018082022539641642,45.18896581258459
114.40269722083136,-2.791514745401413,-0.6444990326744378,28.251271231380542,-0.7213542770456385,4.972846830627931e-05,0.00017437319181485384,15.898977646646436
112.62403295827471,-2.0998119766293817,-0.47990229632997106,28.50506294627246,-0.9984697103500367,4.915636374756786e-05,0.00020522529400639496,24.455362505551577
114.50151190208452,-2.198626657882529,-0.5417596035626799,29.039812295230945,-0.33407566135312305,5.1711071067700146e-05,0.000186825558961126,25.506132136608763
112.87106966140757,-1.2104798453510552,-0.4726087365059782,27.26613065460583,-0.00579920374316933,4.634752656855154e-05,0.0001441347492781447,27.281794628494765
113.80980913331248,-2.0998119766293817,0.33204386656071627,28.551283890524076,-0.5204250356297434,6.402009132781326e-05,0.00020459210970375224,66.49996876051748
112.92047700203415,-2.495070701641971,0.0728629071755481,28.04633476822471,-1.0552851520938633,6.130011894288919e-05,0.00018897377127955316,55.31497702560905
114.40269722083136,-1.8033679328699395,-0.4266833646266513,28.766209020732333,-0.20280260362742866,5.006647897434962e-05,0.00016334803177644544,31.335151105701613
113.5627724301796,-0.9634431422181868,-0.5788027358790381,27.79338699623389,0.3657670035774324,4.883264679242887e-05,0.00014498846634544463,18.061785698239564
114.40269722083136,-0.46936973595244996,-0.6871551188870494,26.271637382036488,0.08990542829772574,4.430497124792905e-05,0.00012343865441574362,8.357556606961449
111.63588614574324,-2.1492193172559553,-0.42073301207796876,27.97583840923545,-1.2958631324179377,4.638717460799074e-05,0.00014229029942045837,29.441311722990637
111.93233018950268,-2.2480339985091025,-0.7508886059480103,28.216753966720034,-1.167653888831904,4.577936427398012e-05,0.0001665268912325899,10.426720821607422
111.04299805822436,-2.8903294266545605,-0.320094934781829,27.392887864289435,-2.8093903314920117,5.102654081115755e-05,0.00012588577134806702,39.88781779361695
115.39084403336284,-0.6669990984587447,-0.3848461146415522,27.87215098157344,-0.21426440315482062,4.8159696303303005e-05,0.00020040119564480516,29.481220717937976
114.8967706270971,-0.46936973595244996,-0.5466546817001449,27.44819927922009,0.03350517632048808,4.690813372948871e-05,0.00016004395327659987,22.608403156628864
111.83351550824953,-1.852775273496513,-0.6992792575549273,27.725326015331177,-1.1770570704966419,4.574057562548695e-05,0.00012636749062589777,14.069722397498465
114.84736328647053,-2.2480339985091025,-0.3905980509258495,28.63746553114902,-0.10495872703599345,5.726391816782895e-05,0.00022360878560668935,35.56544663838938
114.30388253957821,-1.6551459109902185,-0.23731459385798306,28.550889045809527,-0.13170794940289157,5.282491048742284e-05,0.00014579245188214575,38.78160705659259
111.68529348636982,-1.2598871859776288,-0.6706359801439026,26.752265878371247,-0.6701276964611478,4.9891166818063934e-05,0.0001349283980295089,20.92902960901717
111.43825678323694,-1.7539605922433656,-0.5657282044627491,27.96672382590208,-1.133734165886302,4.863204689344089e-05,0.00015784886088440807,27.43023299434931
112.47581093639499,-3.3844028329202973,-0.20217837778457826,27.527077799667495,-4.720132066879743,4.554105040867167e-05,8.837045303564743e-05,44.48979198825698
112.27818157388869,-3.236180811040576,-0.28043959634072463,27.554201521696882,-2.4100727196092957,4.504738871022289e-05,8.925639852641364e-05,46.53314222635857
114.00743849581877,-1.3587018672307762,-0.29215690625111523,28.239133524011663,-0.05982812687202736,5.141196619238121e-05,0.00018340009685735863,34.45077251704949
114.50151190208452,-2.198626657882529,-0.5417596035626799,29.039812295230945,-0.33407566135312305,5.1711071067700146e-05,0.000186825558961126,23.282507036397575
113.66158711143275,0.07411101093986053,-0.5321742457725062,24.659760694150577,-0.11696607536739773,4.325902418483967e-05,9.601686170969421e-05,24.900607008098387
113.85921647393906,-0.6669990984587447,-0.6823992794765329,27.98065792601784,0.36449656810289544,4.667376208225882e-05,0.00012594478080903032,16.271545362161547
113.5627724301796,-2.840922086027987,-0.4532571978273109,28.103499843456177,-1.0140886821864565,4.6712730966007466e-05,0.0001264504533607707,26.06603968842805
113.9580311551922,0.4199623953258763,-0.8403102350350868,24.8018867068821,-0.1463247390440953,4.359848773563647e-05,9.568753980758453e-05,9.874180569117321
115.48965871461598,-0.9634431422181868,-0.7522231468470989,27.985875301596593,-0.4182913671305151,4.532437828817597e-05,0.000129186644911292,10.246200849899225
113.2169210457936,-2.2480339985091025,-0.6151019281482016,28.58537918373389,-0.5384515052960243,4.662666743169909e-05,0.00013916983195249116,15.406200761463047
113.31573572704674,-0.617591757832171,-0.9484779727022382,26.235742681997806,-0.14192644019185763,4.558096280521369e-05,0.00010437333070897438,3.746529371632345
112.17936689263554,-2.5938853828951185,-0.5138418124168328,28.060859628371304,-1.5964997064920115,4.887429272513178e-05,0.00014843406143984583,27.28602314470629
112.32758891451527,-1.556331229737071,-0.6088938630981093,27.003784975593476,-0.6808766656451755,4.5156435740150084e-05,0.00010581340217217631,19.3598244170985
115.24262201148312,-2.000997295376234,-0.5655112404616728,28.87194602401172,-0.43565549232341627,5.417787358782137e-05,0.00022795222661119857,20.15735167312706
113.11810636454045,-0.6669990984587447,-0.743868946014037,25.064395146311142,-0.09943240807380206,4.637514165158802e-05,0.00010080130446157708,6.352016632590791
112.72284763952786,-1.8033679328699395,-0.6486892811839874,28.039269760508603,-0.4526421037721044,4.8084790307619825e-05,0.0001525919355255846,21.63107549159565
112.72284763952786,-0.8152211203384657,-0.6594632856157986,25.952150740446882,-0.3863745015344502,4.445146735029539e-05,9.145952393399267e-05,19.14566959228791
114.55091924271109,-2.6927000641482657,-0.22135124640565826,28.69125182069382,-0.6373593527593732,5.946294640081713e-05,0.00021898108218276277,44.601994270403665
114.1556605176985,0.4199623953258763,-0.5400269459441521,23.252666751249308,-0.13435205265327735,4.027644275693273e-05,8.411496372054323e-05,20.75993122383195
113.66158711143275,-2.7421074047748393,-0.5001919819481038,28.2157382211567,-0.9599746112470275,4.828524044478699e-05,0.00015932064834235014,22.848187486525877
114.00743849581877,-0.4199623953258763,-0.6641548636757449,26.304147268224654,-0.007947490539079833,4.555936376622723e-05,6.777852553841311e-05,14.557890760414631
115.34143669273627,-1.6057385703636446,-0.7233318902729616,27.94142060927402,-0.6146708520842188,4.654409569271562e-05,0.0001459963247650569,19.55620768686412
112.32758891451527,-1.1610725047244816,-0.7122536120399019,26.7591620975071,-0.7809848711814409,4.594198097679185e-05,0.00011572585178102638,13.244942567601475
111.24062742073065,-2.6927000641482657,-0.39296796281498225,27.313430640138222,-1.7384554236023515,4.5745682148020765e-05,0.00010441275547054783,31.960729816231957
111.78410816762296,-1.9021826141230869,-0.647206158891644,27.725326015331177,-1.1770570704966419,4.588169831344172e-05,0.00015431432030532254,17.827183547139377
112.62403295827471,-2.198626657882529,-0.30189168018655893,28.429912844999365,-1.0922973229561324,4.920889946841376e-05,0.0001776672559625387,40.496062348664324
113.71099445205932,-1.6551459109902185,-0.3879152357999905,28.453235809891396,-0.21240848229255202,4.794208229390016e-05,0.00013749478721823179,23.656981552160325
114.6991412645908,-0.8646284609650394,-0.467238926339776,28.024814224243244,0.13316579071092016,4.8983584636626676e-05,0.00018098046975165946,30.474878078819206
113.51336508955303,-2.939736767281134,-0.4539294234558984,27.835493718841917,-1.1453421483805148,4.569965353310508e-05,0.00013328796083401963,24.701979686068157
114.1556605176985,-2.1492193172559553,-0.49428894458175504,28.91568035078643,-0.3484535850124595,5.087461604760332e-05,0.0001926556478367398,28.465137916908056
113.66158711143275,0.27174037344615526,-0.3849410566843216,22.977149534814146,-0.17932968816639466,4.251870563816618e-05,0.00012989724117209203,29.163808400800605
112.27818157388869,-2.840922086027987,-0.42063490267546044,27.624260838826558,-1.7353908559422433,5.045148982553405e-05,0.00014350395930517494,33.005153065077046
113.01929168328729,-1.6551459109902185,-0.3553424504077792,28.48705079349469,-0.3014798738338329,5.066149636217583e-05,0.00017372295611221323,32.08446855431042
111.98173753012925,-1.5069238891104972,-0.6597251099901307,26.420032684891282,-0.6543060276243423,4.538416233757228e-05,0.00011516003280775955,16.365101609263814
111.63588614574324,-2.5938853828951185,-0.38894012249455173,27.434331488903695,-1.255373464690314,4.9648970545105054e-05,0.00013752174747659138,34.00222417367582
111.33944210198379,-2.2480339985091025,-0.6559924021507065,27.876461118533314,-1.3342610273832156,4.689014363909726e-05,0.00015403867135662167,16.2429030075391
114.64973392396423,-1.3092945266042026,-0.3154753017001852,28.241035409621304,0.0570994085735745,4.9137476224031625e-05,0.0001860599836094515,30.886071586235225
114.64973392396423,-1.4575165484839236,-0.12069661201034847,28.43646847289284,0.03607543456701584,5.066283091900068e-05,0.00017431997259616407,42.8132105968769
112.12995955200897,-2.9891441079077077,-0.320075405686602,27.497961769574943,-2.0288998801031233,4.9490345579064465e-05,0.00014884386584170049,38.31970760436944
114.50151190208452,-2.4456633610153973,-0.36654524920803866,28.84493985117217,-0.5214679079291261,5.118105591810728e-05,0.0002318364808626306,39.71922113179905
113.51336508955303,-0.1235183515664342,-0.8375663882409544,27.42380631529261,-0.2537292830738021,4.543224461027441e-05,0.00013550421805068474,8.591317695382205
114.1556605176985,-2.0998119766293817,-0.42934454524623333,28.91568035078643,-0.3484535850124595,5.258285974531449e-05,0.0002117240924107043,28.286439460499455
115.24262201148312,-1.7539605922433656,-0.6568103228024756,28.64816250742217,-0.5728090236216415,4.960850997774831e-05,0.0001846834128864167,20.255045526926356
114.25447519895164,-0.32114771407272896,-0.6417830289700998,25.662262382036317,-0.10125215995458908,4.643803627017325e-05,0.00014518993998119644,17.428470876457013
113.76040179268591,-1.2104798453510552,-0.3512994170280186,28.083510453024076,0.09100782871246339,5.110152080974916e-05,0.00016277498274359695,32.49130759933766
114.55091924271109,-2.34684867976225,-0.46257919391078606,28.87109303886507,-0.34706484682766003,5.082272700526333e-05,0.00021709844637788714,29.867084749447095
112.77225498015443,-1.556331229737071,-0.7813340438508628,27.82492031992217,-0.26990133891870943,4.6243829478390994e-05,0.00014519930108460526,16.763245326773934
113.46395774892646,-3.0879587891608553,-0.6110878060374162,27.87664196344076,-1.8512197585753452,4.488685585462067e-05,0.00012933811129471417,17.712060096814522
112.17936689263554,-1.40810920785735,-0.761416336149836,26.518406286357447,-0.7282271370475674,4.484424308001492e-05,9.722639465069488e-05,10.58052761422253
113.76040179268591,-2.643292723521692,-0.5953751126526674,28.33113234249157,-0.8331563664071354,4.7642597137157696e-05,0.00011551994931863073,19.712056103350644
113.71099445205932,-2.2480339985091025,-0.4950842447058569,28.54193119472933,-0.5000558708920889,5.190981760570656e-05,0.0001630379809061609,24.502132533061147
112.03114487075582,-1.3092945266042026,-0.5282547718119012,27.134011393417552,-0.7322396334306694,4.763396946874435e-05,0.00011085719031009384,26.13884279826137
114.20506785832507,-1.2598871859776288,0.11998956113204304,28.241993887630542,0.013576821044639312,5.741275761790694e-05,0.00018570114963889286,57.197951597721016
113.76040179268591,-0.9634431422181868,-0.33891478063117286,27.93913894935889,0.30529246654039555,5.1858021526180765e-05,0.00013784415678162634,27.977183893258992
113.90862381456563,-3.28558815166715,-0.5150271298339882,27.674825074937587,-2.5552866591347585,4.918437486990451e-05,0.00010299775250047705,26.632818297355808
111.58647880511666,-2.297441339135676,-0.5621300811318599,27.963715772275577,-1.1516295229947127,4.65391633748494e-05,0.00013748320590677992,22.152107607070427
114.10625317707192,-1.3587018672307762,-0.26279305186578944,28.120613799860507,-0.027563888349650824,5.2321539795230015e-05,0.00018103664900302413,32.394175706463024
114.10625317707192,-1.0622578234713342,-0.28283572152149156,28.261178518224654,0.04678446716732448,5.136238225393662e-05,0.00017899193043947078,42.83551293968472
111.48766412386351,-1.556331229737071,-0.6328013472258898,26.733982458232333,-0.7319480210174748,4.371898041897834e-05,0.00012731347169262047,17.718132738017747
113.16751370516702,-2.5938853828951185,-0.6281514694127954,28.169933220192263,-0.8362171664650059,4.8974894372606644e-05,0.00010806279453038125,19.2512026904844
111.83351550824953,-2.2480339985091025,-0.6035341436607514,27.9870839483944,-1.1356639317524286,4.714523498280027e-05,0.00017927556032202276,24.534269274735877
112.47581093639499,-2.198626657882529,-0.4110880974222108,28.30696844878014,-1.1494850038010398,4.848745307625734e-05,0.00016139307259471498,29.6125035409384
112.17936689263554,-2.840922086027987,-0.32378909870206235,27.884746829374365,-1.7797121751455611,5.301834175008209e-05,0.0001719433423113969,41.493523876978834
113.71099445205932,-2.643292723521692,-0.563398191257006,28.480576545809583,-0.8890246329484165,4.645239748005437e-05,0.00012470994334934447,17.821484717124065
112.67344029890128,-1.0622578234713342,-0.6699744159244807,27.255496974050345,-0.35341325659810763,4.5799872389847665e-05,0.00011106089870529115,17.663471271180807
114.30388253957821,-2.939736767281134,-0.5378741371617796,28.04734448562425,-0.8083926704194809,4.9867281561265875e-05,0.00018895469716523688,24.0031463742007
111.48766412386351,-1.40810920785735,-0.636204162201105,26.855299250284816,-0.5925000199565181,4.343316258960819e-05,9.04396678704586e-05,13.110725561642413
114.79795594584395,-2.495070701641971,-0.16550605970447815,28.607894374706177,-0.3238707339322126,6.342941786323108e-05,0.0002682511750398424,46.083733600292625
113.76040179268591,-2.7421074047748393,-0.48479043190703097,28.19206863685889,-0.9032526060386937,4.8141109644554604e-05,0.00012826796143008222,23.30008432330286
113.01929168328729,-1.8033679328699395,-0.586368565973124,28.669619755686085,-0.37112626175821567,4.8087346462874844e-05,0.00015503789497198087,24.389313253980262
114.8967706270971,-1.7539605922433656,-0.45130282573124164,28.812873035006987,-0.16969743628560763,5.168645643333032e-05,0.00019658312623727626,27.622774548531787
113.2169210457936,-0.32114771407272896,-0.5068489188336999,24.343755317028638,-0.5261382276629224,4.1173295430953715e-05,3.1805955016129056e-05,22.141858882098557
112.22877423326211,-2.297441339135676,-0.38022094630899955,28.052552818957622,-1.3131564266887712,4.9124015572095336e-05,0.00019862411384155785,29.765213640979848
113.11810636454045,-1.9515899547496605,-0.5694628124166331,28.52289425414284,-0.44220283149201195,4.6021085124994495e-05,0.0001619891889184724,17.359275738076125
113.01929168328729,-0.8646284609650394,-0.7214210475996609,27.483126459003984,0.20124259554309615,4.490348120118498e-05,0.00010605948556380036,14.603779492240552
111.98173753012925,-3.28558815166715,-0.3615394812717799,27.478104998741628,-3.5562195174488016,4.5471846148310326e-05,6.130639608005333e-05,36.97527129151636
115.39084403336284,-1.0128504828447604,-0.5664972744482749,27.96102721131888,-0.3076768259943267,4.6453962055699656e-05,0.00014297572857689604,20.54428329485614
113.71099445205932,-2.9891441079077077,-0.47518352534559044,27.818204945693765,-1.1409400819260396,4.7307244922502804e-05,0.00010472105056503907,30.66820395907417
113.76040179268591,-0.27174037344615526,-0.6043938016190908,27.223369876249365,-0.095500538378586,4.671412391649685e-05,0.00015446867534518583,21.7641477024478
114.45210456145793,-2.6927000641482657,-0.4901521550323357,28.61904647732962,-0.6303983308650829,5.1131051158586545e-05,0.00017116605284358936,24.46284812674806
114.84736328647053,-1.2104798453510552,-0.5501962255685623,28.37053543373389,0.06568200647095103,4.852082537999074e-05,0.00016929300505333272,25.781550096376243
114.64973392396423,-2.5938853828951185,-0.1025204843402292,28.59381559866455,-0.5994761122597588,6.611363996908643e-05,0.0002808911566244751,50.27912122058232
112.67344029890128,-1.0622578234713342,-0.6699744159244807,27.255496974050345,-0.35341325659810763,4.5799872389847665e-05,0.00011106089870529115,17.184925810979365
112.87106966140757,-1.9021826141230869,-0.5911352867139658,28.557812391681466,-0.44223221878946567,4.988871021950597e-05,0.00014151387872863162,16.094212418509397
113.61217977080618,-0.22233303281958158,-0.7785373891440477,27.066031792723095,-0.12631425003946564,4.595389234277885e-05,0.00014102880088094386,5.155953866335004
111.8829228488761,-2.643292723521692,-0.3982261502034945,27.979238293494745,-1.3993599194067496,4.6400206503382695e-05,0.00011012736570615877,33.087043132139705
112.47581093639499,-3.137366129787429,-0.30024396523014213,27.477746323008603,-2.143250375618169,4.96423057350915e-05,0.0001292810269644869,38.290045647481364
114.10625317707192,0.617591757832171,-0.7391185669530802,25.848858157499365,-0.05361911838437305,4.396924548154137e-05,0.00012478225490002956,11.018969397365899
113.41455040829989,-1.2598871859776288,-0.614733958271317,27.866267493919167,0.01843476736987079,4.840083575831116e-05,0.00014194428642966877,24.708388425188872
111.8829228488761,-3.5326248548000185,-0.23598335196882148,27.38372806972933,-6.221582593741242,4.6414137197069664e-05,0.00011020845708784014,48.67595499574561
115.53906605524256,-1.2104798453510552,-0.5382019333943258,27.538112353101212,-0.47204525529602426,4.696081107137868e-05,0.00017521927123608115,24.185466951473106
114.60032658333766,0.02470367031328684,-0.4440159684077803,24.74711481259186,-0.04609747727711994,4.492211300666423e-05,8.484727230645315e-05,25.953033250422326
112.77225498015443,-2.840922086027987,0.5339870779493171,27.611809666951558,-1.5088841164553612,6.217944469856378e-05,0.0001713559560576101,80.21915869731563
114.55091924271109,-2.34684867976225,-0.46257919391078606,28.87109303886507,-0.34706484682766003,5.082272700526333e-05,0.00021709844637788714,24.91474602144513
113.16751370516702,-1.9021826141230869,-0.5350527740222348,28.542151222699943,-0.3656752948407774,4.8515904491532106e-05,0.00015378940375587039,18.741249397288986
115.44025137398941,-1.40810920785735,-0.4373336875267316,27.030679627406755,-0.5298154074468729,4.758168329527453e-05,0.00013996216059374526,25.86150784099764
114.84736328647053,-0.6669990984587447,-0.7287979263732257,27.88827933323239,0.09176813084402201,4.71961517167026e-05,0.0001253143054652187,10.132711360591841
114.30388253957821,-2.000997295376234,-0.556278017443434,28.869239378564203,-0.2999886568681693,5.0767376384800006e-05,0.00020000364112504916,23.397802690053414
115.09439998960339,-0.9140358015916131,-0.7101953446011063,28.146332959775634,-0.05259282353483598,4.70198880438688e-05,0.00017828770481636595,17.39632269740254
114.35328988020478,-3.1867734704140025,-0.49078010607692274,28.013773642646015,-1.1956456664167803,5.283074196941522e-05,0.00014250115742823935,29.174175973170108
112.67344029890128,-1.40810920785735,-0.8091609431301167,27.59141036139596,-0.24578717755682677,4.4717775407074865e-05,0.00013835389658961052,13.626593165607646
112.52521827702157,-1.7539605922433656,-0.5830139062745332,28.081590482923787,-0.5202946765923205,4.746371640534376e-05,0.00016150336860480644,26.2070162286331
113.71099445205932,0.46936973595244996,-0.70355726964098,22.923535047931466,-0.3104520418025829,4.282723902864682e-05,9.991071154075363e-05,11.007163663909353
112.57462561764814,-1.40810920785735,-0.6569419426659752,27.46431557455179,-0.3596569270263483,4.584713792236721e-05,0.0001181168070499974,13.938536962937796
114.6991412645908,-1.1610725047244816,-0.2122848494413598,28.358596655763222,0.06443191604849732,4.743319308404578e-05,0.00016771383239900346,38.09529911678799
114.00743849581877,0.3705550546993026,-0.7826777155012842,24.8018867068821,-0.1463247390440953,4.398881236353635e-05,9.503479007568849e-05,7.126828919096223
114.6991412645908,-2.2480339985091025,-0.4037824947869847,28.805597041565647,-0.17789875283653356,5.398502375567462e-05,0.00019153702061306467,35.476413394417236
112.22877423326211,-2.791514745401413,-0.37096527808050933,27.884746829374365,-1.7797121751455611,5.662650731781961e-05,0.0001069188820482991,39.124002022644966
114.50151190208452,-2.2480339985091025,-0.46510584773863567,29.039812295230945,-0.33407566135312305,5.122550285968805e-05,0.00020002974051889136,33.77911143996932
113.26632838642017,-1.1116651640979078,-0.6422653006635981,27.302362931804907,0.27816648394973187,4.646405991565991e-05,0.00010938010727066762,20.140681618327267
114.40269722083136,-0.8646284609650394,-0.523626648876884,27.571285337283257,0.1617181875087597,4.880610005008714e-05,0.000161178896800077,26.49637037392099
114.74854860521738,0.46936973595244996,-0.7913264979112298,24.77114005854105,-0.09358810348275269,4.220893107669317e-05,7.881787019572525e-05,10.31310992760965
113.5627724301796,-2.000997295376234,-0.5754374071203628,28.51566648601022,-0.38534142500088536,4.676351989495197e-05,0.00014863574017029424,21.97156840350694
112.27818157388869,-2.297441339135676,-0.3653313972021188,28.034721511087298,-1.2836998053538946,4.655102539923791e-05,0.00019151097621201608,32.52706591517871
113.11810636454045,-1.6057385703636446,-0.36687319090478604,28.50758573273083,-0.2078850990460243,4.937435136803429e-05,0.0001484731904530012,33.689964942189086
112.96988434266072,-1.7539605922433656,-0.6069252642280545,28.669619755686085,-0.37112626175821567,4.6458185554777565e-05,0.00016076857494047646,20.333312879943602
112.27818157388869,-0.9140358015916131,-0.48668863481019853,27.549065526326444,-0.8564906341058239,4.6762984404840965e-05,0.0001405138503277025,27.050246242405713
112.12995955200897,-1.40810920785735,-0.6407225918363113,26.470455259158314,-0.7021628647674748,4.4246348268072336e-05,0.0001142247981193237,11.539901619526278
111.8829228488761,-1.852775273496513,-0.6585976241239833,27.725817310662933,-1.0988838451879996,4.658631743334338e-05,0.00014304163746658378,16.99250099871146
113.76040179268591,-1.5069238891104972,-0.5005388664011432,28.243648618533257,-0.1531395779715644,4.888348076846773e-05,0.00017100036012416439,23.104733636986577
114.6991412645908,-1.9515899547496605,-0.5268255242366687,28.750900499320323,-0.09836014847696564,5.2518518102099235e-05,0.00018099036942530175,23.477469322696553
114.20506785832507,-2.1492193172559553,-0.5068132047705569,28.91568035078643,-0.3484535850124595,5.138798148401801e-05,0.00019908388276510016,24.349063693399113
112.77225498015443,-1.8033679328699395,-0.735065516588537,28.237120117375866,-0.41083904990443476,4.777466640714639e-05,0.00014194265844948012,12.672330859693076
114.05684583644535,-2.000997295376234,-0.1961607133978665,28.796943612746247,-0.300286297444944,5.191847844146814e-05,0.00021179133133827379,38.39178982604608
113.80980913331248,-2.2480339985091025,-0.07869986041103975,28.54970451166605,-0.5414708617292805,6.549745665623763e-05,0.000159258157820461,48.3020013709127
112.0805522113824,-1.7539605922433656,-0.6684452215305354,27.585053662900634,-0.957514366985839,4.488465979816465e-05,0.00015008086125733026,11.976586464935114
114.30388253957821,-2.495070701641971,-0.6091517865572456,28.563240752985507,-0.6178062506663946,4.853846501906219e-05,0.00023664105065598795,20.39266877868121
111.19122008010407,-1.704553251616792,-0.5802461379445146,27.408506836125866,-1.0613509916964872,4.328176790220199e-05,0.00013974783688678626,22.648952474565302
114.94617796772367,-0.9140358015916131,-0.6029936772125709,28.224855818571882,0.032891810676197945,5.1848008806235264e-05,0.00014873166195619335,20.79357261158566
112.62403295827471,-0.9634431422181868,-0.6880156539618866,26.717097572044054,-0.625468800097336,4.5157800860099084e-05,0.00010174392070215977,13.157975669622331
112.92047700203415,-0.9140358015916131,-0.6891185516413372,27.484446626828117,0.06371757866423808,4.552244789558696e-05,0.00012896584472671442,14.278425524485648
113.51336508955303,0.22233303281958158,-0.9021313710116942,25.72824063242217,-0.24911623089401813,4.3738425365875586e-05,0.00010893965639543149,6.159948267671455
113.26632838642017,-0.3705550546993026,-0.759097683102309,25.390410289057968,-0.4444422942620736,4.363158818772075e-05,7.046205754781232e-05,13.15501091015203
113.31573572704674,-2.000997295376234,-0.045167373730589495,28.74576450395,-0.3429754913589101,5.2431683857895435e-05,0.0001571936892679622,48.07981212589466
113.46395774892646,-2.297441339135676,-0.5166251543560765,28.725859507808025,-0.59846865542141,4.586190543854502e-05,0.0001364092631909743,30.55090824422743
114.94617796772367,-0.5681844172055973,-0.6669798399123452,27.464357771696882,0.024248177622571414,4.7121039645386276e-05,0.00013425272032018955,13.15220394559265
111.48766412386351,-2.495070701641971,-0.6186285694974626,27.672802626056466,-1.2970077299777374,4.6743737654299334e-05,0.00015758235948401596,24.0897615952049
115.14380733022996,-0.3705550546993026,-0.5662659307150609,27.573585081689146,-0.09862538767449648,4.847452406129158e-05,0.00013324109490941015,18.917320623239036
112.87106966140757,-0.9140358015916131,-0.6745633271817435,27.484446626828117,0.06371757866423808,4.7268231336542894e-05,0.00012760726618386178,11.014075252187258
113.2169210457936,-3.0879587891608553,-0.48567650883478397,27.414966013402193,-3.1461582110251913,4.683828780816261e-05,0.00013840447115788813,27.174035396935018
112.77225498015443,-2.297441339135676,0.07495266983380347,28.273087155377482,-1.0004439339225675,5.711162457795687e-05,0.00018656216693186658,52.20070409371962
113.71099445205932,-2.000997295376234,-0.2515861186198755,28.509180181997806,-0.37342073152094707,4.900616615037883e-05,0.0001976585889992502,33.55167795928545
114.20506785832507,-2.4456633610153973,-0.5627463619935001,28.722001483116685,-0.6262456796787403,4.842179573671208e-05,0.00016338803623577937,23.532012434920677
114.60032658333766,0.02470367031328684,-0.4440159684077803,24.74711481259186,-0.04609747727711994,4.492211300666423e-05,8.484727230645315e-05,20.987558930277665
114.84736328647053,-1.5069238891104972,-0.4389641731916958,28.522219099821882,0.05239065929695411,5.058787824747869e-05,0.00018234575393140883,28.48578236327338
112.12995955200897,-1.3092945266042026,-0.5651405398176463,26.712302167915993,-0.7402013304792803,4.7424857069927045e-05,9.966937558899109e-05,24.70768218159417
112.12995955200897,-2.198626657882529,-0.6904732021601399,28.241146930647574,-1.2247240204869965,4.819217466773511e-05,0.00018845521834571843,13.395655344699227
112.32758891451527,-2.6927000641482657,-0.5407223587360336,27.806447012630542,-1.6596123186158547,4.6811813233615766e-05,0.00013362772552602382,25.682672705133257
114.79795594584395,-2.5938853828951185,-0.07478737624352425,28.68914196344076,-0.491899765568015,6.537805545729118e-05,0.00029270509970691697,51.582376626318954
113.90862381456563,-1.704553251616792,-0.14064569280101408,28.38963567003799,-0.20874637291755208,5.059073128214501e-05,0.00016927702285627326,41.497341498601294
114.30388253957821,-1.40810920785735,0.1101496381081762,28.204504738324943,0.004415519443559058,5.58471667273831e-05,0.00020282923846546262,53.350817420096405
111.8829228488761,-2.939736767281134,-0.5358473719196247,27.780956922931466,-2.11312914924857,4.417562151268425e-05,7.142506629127474e-05,22.787006859503204
111.8829228488761,-0.8646284609650394,-0.791859471223561,26.43276718045462,-0.9171151217119193,4.67257176542501e-05,0.00010224182005119142,15.527336622070735
113.26632838642017,-0.32114771407272896,-0.47743921621706037,23.613181074165993,-0.4664548870957929,4.218803963865891e-05,5.855069733804645e-05,27.617336318706922
112.27818157388869,-1.40810920785735,-0.5752410108731704,26.923724935084238,-0.6633271744221816,4.656676599572398e-05,0.00010015774081736509,22.35632298997807
113.41455040829989,-2.791514745401413,-0.42428799245910614,27.928164677561085,-1.067486908700731,4.6275653566107273e-05,0.00013146327171694282,24.695580095575874
112.62403295827471,-3.137366129787429,-0.4017901650741189,27.565516384736952,-2.1100020393913175,4.689101426063161e-05,8.54319036933738e-05,28.9388758441032
111.93233018950268,-2.000997295376234,-0.5858439115575291,28.03592714380335,-1.1229618375684007,4.6684151399781054e-05,0.00011955239390620322,17.862333017246293
114.74854860521738,-2.34684867976225,-0.08995008441712518,28.73751496209036,-0.20652725519957363,6.221580474503832e-05,0.00023314813468640973,42.36763814740387
112.17936689263554,-1.3092945266042026,-0.7001137254700806,26.538082212283257,-0.7413820970205613,4.585973360335904e-05,0.00011753649198256358,12.590536678225536
112.12995955200897,-1.2104798453510552,-0.6263402259669733,26.614088312784872,-0.8370098699758081,4.693104663794471e-05,8.018433174447457e-05,16.07245920182736
114.94617796772367,-0.32114771407272896,-0.7676036077985271,27.130626579567206,0.020007364543867687,4.696051965863416e-05,0.00013151682110260546,7.128899333516581
111.48766412386351,-2.1492193172559553,-0.435630582323177,28.041337420616685,-1.3097309227342957,4.8403432549842404e-05,0.00016816722364243797,28.861044000837534
114.84736328647053,0.27174037344615526,-0.6960035166173413,25.820634295616685,-0.020189183729666268,4.2265252344919946e-05,8.670948293217864e-05,16.722701929857585
113.90862381456563,-0.02470367031328684,-0.5466546732888181,25.604316659621247,-0.09379532160582367,4.408098948536193e-05,8.629570213212867e-05,19.108276013720705
114.25447519895164,-0.02470367031328684,-0.7919534590717275,25.78227407667373,-0.2504755817813638,4.677729709387341e-05,0.0001418056431660895,12.685244563430064
114.20506785832507,-0.9140358015916131,-0.5172958219496888,27.681067238324886,0.13682036488144483,4.779887754175988e-05,0.00015225933682050033,19.24815280851822
112.92047700203415,-1.704553251616792,-0.5283627428404474,28.340686981766282,-0.3188899637740335,4.8239025951338426e-05,0.00014962401616750725,25.100882651770803
113.06869902391388,-0.8646284609650394,-0.6773217627425557,27.452548599243187,0.24836098264764853,4.497911604042488e-05,0.00010851668380091168,17.720989909856815
111.73470082699639,-2.6927000641482657,-0.5248352597169634,27.504234073780196,-1.5756392464225675,4.726372038661028e-05,0.00011427104630495907,23.85092964532201
112.52521827702157,-1.556331229737071,-0.7344722253419042,27.459330283270845,-0.4854066798716415,4.575709340026317e-05,0.00011576853156694745,19.166176024106356
115.2920293521097,-1.3092945266042026,-0.5493230269368512,28.075875783849597,-0.28932106789247486,4.859136846884861e-05,0.0001469072215687541,21.878551081599067
112.57462561764814,-1.9515899547496605,-0.42277819094535973,28.471534300439146,-0.8408045989495737,4.95433134284471e-05,0.00018431661398699936,34.412508358979274
114.74854860521738,-0.9634431422181868,-0.5586692594372729,28.12169585522315,0.10323671205544176,5.101807777708551e-05,0.00015575617179724598,17.060705557058323
114.00743849581877,-1.3587018672307762,-0.29215690625111523,28.239133524011663,-0.05982812687202736,5.141196619238121e-05,0.00018340009685735863,36.7132024684208
113.71099445205932,-1.852775273496513,-0.2699223712801841,28.506636296966917,-0.31210149806222803,5.13144836845615e-05,0.00017939532921781883,35.67537349243863
113.11810636454045,-2.4456633610153973,-0.21734599415109876,28.353349139366685,-0.807620311960762,5.1687924368557184e-05,0.00012944016894454282,45.02499505157252
111.93233018950268,-2.1492193172559553,-0.6157294735093278,28.138619924474654,-1.1298173666000364,4.616770892634908e-05,0.00015517199942180387,14.520135343831399
111.33944210198379,-1.3587018672307762,-0.7476186132213535,26.44291860792373,-0.6874895610927063,4.5855011655919604e-05,0.00011225726678217969,14.555885170619174
112.87106966140757,-2.6927000641482657,-0.18341395453671813,27.906065429875866,-1.2718431611119967,5.505025403692015e-05,0.00016286532551153325,44.41446512781029
113.41455040829989,-2.2480339985091025,-0.3281222513679519,28.80520822501478,-0.47612782908074647,4.7966722682378026e-05,0.00014937972310190902,28.894025774888213
111.04299805822436,-2.939736767281134,-0.36778119125969916,27.392887864289435,-2.8093903314920117,4.8809202395358956e-05,0.00010639129579956273,34.83194290589112
113.5627724301796,-0.8646284609650394,-0.7316885129799086,27.51836710329411,0.35346352171014855,4.869181283030064e-05,0.00014593497841714406,11.114805804536624
114.10625317707192,-0.07411101093986053,-0.6225088457563763,26.051220594806352,-0.25391314206299953,4.587380781682684e-05,0.0001268524259223124,18.216993549234427
113.31573572704674,-2.5444780422685445,-0.15293885052504064,28.378791003757044,-0.7373371992582157,5.4465498850777467e-05,0.00018829078711870352,43.20415991852151
115.14380733022996,-0.3705550546993026,-0.5662659307150609,27.573585081689146,-0.09862538767449648,4.847452406129158e-05,0.00013324109490941015,20.54358211293773
113.36514306767332,-0.27174037344615526,-0.5985793089032503,24.288962324165993,-0.3796772117967958,4.3113995192574005e-05,8.972556463851437e-05,16.310139404654986
114.55091924271109,-1.5069238891104972,-0.23124679965014797,28.43646847289284,0.03607543456701584,5.2953436799536495e-05,0.00015882742698390624,35.89984417655466
112.17936689263554,-0.8152211203384657,-0.7644296539233113,27.110890372005542,-0.7220949876455613,4.5920158970141623e-05,0.00011254877434253182,14.011963717500512
112.92047700203415,-1.0128504828447604,-0.5309718585721263,27.282509175053406,0.07772853786562697,4.87116486729408e-05,0.00011612373567804363,24.92741840460335
111.8829228488761,-3.5326248548000185,-0.23598335196882148,27.38372806972933,-6.221582593741242,4.6414137197069664e-05,0.00011020845708784014,45.537109283936296
113.16751370516702,-0.617591757832171,-0.49837764652510436,25.918974742183025,-0.20494109465752122,4.5663039824106394e-05,8.509401793736409e-05,23.514850807828637
112.12995955200897,-1.2104798453510552,-0.6263402259669733,26.614088312784872,-0.8370098699758081,4.693104663794471e-05,8.018433174447457e-05,23.53609018361593
115.04499264897682,-0.27174037344615526,-0.6754232158283091,27.04918006143447,-0.056565383334218726,4.6549423084420536e-05,0.0001200007046716445,18.158518120363638
111.09240539885093,-1.9021826141230869,-0.41452669529572145,27.600859507808025,-1.3708700648060548,5.112416426636802e-05,0.00016934089453655076,35.445704767443196
111.63588614574324,-1.3587018672307762,-0.5353096458399612,26.33663906992217,-0.6662892633014255,4.7026301332512064e-05,0.00013943021215019619,20.53798111295308
114.35328988020478,-0.9140358015916131,-0.5802845053852311,27.571285337283257,0.1617181875087597,4.8756859352111266e-05,0.0001848837266778968,17.24886569374798
114.40269722083136,-1.2104798453510552,-0.09491030069459237,28.35990476726016,0.06496842260713928,5.137877173864627e-05,0.00018290961708122272,43.43217746302508
114.74854860521738,-1.0622578234713342,-0.3867662074487765,28.253727708039605,0.08084886603885227,5.111743719651123e-05,0.00017812258866627123,26.17553932529528
113.9580311551922,0.27174037344615526,-0.9438341380557648,25.53495058130335,-0.17648816255875574,4.3897395118428525e-05,0.0001480018034885262,8.036609082015175
113.66158711143275,-3.0385514485342813,-0.46407440476618517,27.818204945693765,-1.1409400819260396,4.7228088085300524e-05,0.00010624025009767365,26.8351886405753
114.74854860521738,-0.7658137797118921,-0.4898805927052761,27.883945083618187,0.14477452672558064,4.858539139197565e-05,0.00015280395567800973,22.343811360856883
112.42640359576842,-3.236180811040576,-0.32565511636135963,27.388870093263165,-2.414851546287536,4.82172053427679e-05,9.569636259415808e-05,35.22460315836216
111.63588614574324,-2.5444780422685445,-0.5417611454899377,27.768915666179907,-1.2065332833631541,5.062251953066749e-05,0.00012705986935270262,25.70746549248479
114.00743849581877,-0.02470367031328684,-0.6316587772959026,25.613566876635105,-0.16316290696461996,4.217478174393669e-05,0.00011229910315468311,18.61807201358653
115.44025137398941,-1.3092945266042026,-0.3104103283559964,27.504936354837298,-0.4082612564534316,5.125130882122751e-05,0.00013131735592061955,36.92431141029349
114.10625317707192,-2.0998119766293817,-0.44540452918734336,28.92296237239134,-0.39819799087665697,5.1041078439417255e-05,0.00021787362664288251,31.797655022294176
114.60032658333766,-0.7658137797118921,-0.5047818119510785,27.74328391463672,0.19509763629348187,4.753503487295964e-05,0.0001235180279527173,26.845791371067868
114.45210456145793,-1.852775273496513,-0.37207624343280626,28.889771303718533,-0.2173689073986477,5.19190110769764e-05,0.0001617592657360205,31.57319855291365
111.63588614574324,-2.34684867976225,-0.5756308736614145,27.963715772275577,-1.1516295229947127,4.430980085860371e-05,0.000124999639792819,19.635793598283247
111.8829228488761,-2.5938853828951185,-0.41868793643139657,27.979238293494745,-1.3993599194067496,4.617651867079236e-05,0.00014020163850332794,27.70349963580261
114.00743849581877,-2.6927000641482657,-0.49066161713524703,28.172585612167552,-0.7881048858901601,5.133140715595487e-05,0.00016270989345123978,30.361357133045573
115.34143669273627,-0.5681844172055973,-0.4930447269924282,27.917304940871247,-0.16258344974046873,5.298008419656718e-05,0.00016263383345566847,27.10813573193685
115.39084403336284,-0.9140358015916131,-0.48442231427438276,28.03784711390375,-0.2593678765826755,5.0372679699977974e-05,0.00014444640318657552,26.6689694212869
112.0805522113824,-2.5938853828951185,-0.6759271041998218,28.106770122198327,-1.5133426969434014,4.77147011866012e-05,0.00013316179549948908,20.518552963655633
111.98173753012925,-3.3844028329202973,-0.27282740519859683,27.42049986756882,-5.012163437443014,4.4322572186766074e-05,5.4795140119337946e-05,42.52876011871131
113.41455040829989,-2.1492193172559553,-0.3413940924645822,28.785270073973095,-0.37045110743722787,4.9618089902783614e-05,0.00015173097162122004,28.45095144686298
112.27818157388869,-1.8033679328699395,-0.4839360179509529,27.93249289901172,-0.8347689001648517,4.8343586925106194e-05,0.00015091099550497926,26.926240829545204
112.92047700203415,-1.3587018672307762,-0.6300685875118306,27.886724067028695,-0.15936365686816933,4.6331360382186415e-05,0.00010810590489252611,22.05244585682644
112.12995955200897,-3.28558815166715,-0.48363449032844763,27.486547441835796,-3.5158511665132313,4.47271327998436e-05,9.695516251108061e-05,30.91416280776375
114.1556605176985,-0.9634431422181868,-0.40257401693075884,27.895142397468476,0.08578668553152202,4.9259444173486285e-05,0.00017754345982081782,26.069786218723642
113.2169210457936,-2.9891441079077077,-0.38213037448806697,27.578552288479273,-2.2220558045822894,4.761247146104493e-05,0.00010967000567897771,32.384034334598574
114.20506785832507,-1.5069238891104972,-0.31111949943360107,28.171814007229273,-0.03279407377596254,5.154165592933596e-05,0.00016671708248083904,35.011250231944295
112.32758891451527,-1.4575165484839236,-0.5449710297549918,26.98555882300866,-0.6396447802767342,4.666656778036255e-05,0.00012625306811231115,23.581534274601278
114.64973392396423,-0.02470367031328684,-0.6684910599609017,24.74711481259186,-0.04609747727711994,4.3284841099949076e-05,7.982771705747005e-05,14.230405360787007
112.17936689263554,-2.939736767281134,-0.3429848120170072,27.61678591598701,-1.857286351698416,5.1708439333904035e-05,0.00016486345668284522,37.51047446738186
113.80980913331248,-0.32114771407272896,-0.6139300136515972,27.223369876249365,-0.095500538378586,4.589733298338875e-05,0.00014143369753762095,18.881296452794942
111.68529348636982,-1.2104798453510552,-0.6843217173003221,26.761751193764837,-0.7402947670147741,4.803546256675032e-05,0.00011904647433232178,17.65297738236926
113.51336508955303,-1.2104798453510552,-0.40958069271337905,27.997705572622806,0.1408471781530498,5.4160600702623484e-05,0.00016360480663083016,37.22308573327421
114.45210456145793,-2.840922086027987,-0.5046833692260861,28.44095945476016,-0.7077117893430921,5.169738504339525e-05,0.00020416410547712384,25.313088344862283
111.93233018950268,-2.0504046360028076,-0.5902368033430035,28.138619924474654,-1.1298173666000364,4.657644499156164e-05,0.00014172013475287226,17.201789761265506
114.74854860521738,-0.7164064390853184,-0.6442632012027144,28.044996515909872,0.15568927040806524,5.128304721112287e-05,0.00013648349497256306,15.36521287478889
111.24062742073065,-1.6057385703636446,-0.6155290147904523,27.307001603679964,-0.9312458906644655,4.549679432467812e-05,0.00014100959904924363,20.420724296750276
114.94617796772367,-0.5187770765790237,-0.624639935009936,27.44819927922009,0.03350517632048808,4.906571662624829e-05,0.00016290510409011988,18.264279459084847
111.8829228488761,-1.852775273496513,-0.6585976241239833,27.725817310662933,-1.0988838451879996,4.658631743334338e-05,0.00014304163746658378,15.44004862320693
112.47581093639499,-1.1610725047244816,-0.6098132794944988,27.24073098736045,-0.6371785078519656,4.547514179344668e-05,0.0001209039338100759,19.945892630191135
111.78410816762296,-2.1492193172559553,-0.6716951325461019,28.035839735431352,-1.1951717020552837,4.459312179543275e-05,0.00016550526035307396,21.505844009178208
114.84736328647053,0.3705550546993026,-0.7078710337683091,26.742364619690647,-0.07668814688553044,4.609795744854456e-05,0.00013052043857128646,16.248812566862355
112.62403295827471,-1.3092945266042026,-0.6430792682489784,27.371240728872806,-0.40025736225975883,4.5523214124185306e-05,9.554939920324906e-05,16.208116121766462
114.1556605176985,-1.0622578234713342,-0.2836887016372228,28.254134609081177,0.0599514834674788,5.1197264558747954e-05,0.00015558122852712828,35.879574777452476
112.96988434266072,-2.1492193172559553,-0.495981716883347,28.484751049088914,-0.5596789298234163,4.9007835753792385e-05,0.00016125464486803172,25.075765913144583
112.17936689263554,-2.9891441079077077,-0.3839355744820423,27.53841677536201,-2.0170146020842186,4.9690697085277516e-05,0.00014010944164158644,33.62014841197013
114.94617796772367,-0.6669990984587447,-0.7044117164463614,27.848056411743244,0.014520982165395458,4.788065994500888e-05,0.00015758107434668268,19.495801687895465
114.05684583644535,-0.617591757832171,-0.6589660094313118,27.53592714380335,0.19892853424872883,4.755342010972642e-05,0.00014028480592513627,13.94905008581254
113.71099445205932,-1.2598871859776288,-0.3131714542481364,28.145467918301904,0.02942184901531833,5.105100885660261e-05,0.00018283763848805416,33.3380064611031
112.52521827702157,-1.6551459109902185,-0.585807068705215,27.753046525554907,-0.48485660994494395,4.798181374562595e-05,0.00013960017731351766,21.639506227306263
112.17936689263554,-2.34684867976225,-0.47014417616484777,28.052552818957622,-1.3131564266887712,4.980315390650335e-05,0.00019502684164754685,33.014084122207926
111.33944210198379,-2.4456633610153973,-0.5273037372102075,27.558611123355888,-1.2495886882146197,4.668857156758353e-05,0.00013668799468301372,28.904505818837528
112.03114487075582,-2.7421074047748393,-0.5161892837364167,28.015132993533314,-1.537650513060299,4.804355284022184e-05,0.00012379684344008095,30.507973288505283
111.73470082699639,-1.9021826141230869,-0.5298693915701976,27.655245599628984,-1.2498162513897741,4.343401784173651e-05,0.00016124935220832818,23.464119639464062
113.90862381456563,-3.137366129787429,-0.29122322566158937,27.77427470360277,-1.3160333677574443,5.368251443393586e-05,0.00016721824025348191,41.0819548533189
111.04299805822436,-2.939736767281134,-0.36778119125969916,27.392887864289435,-2.8093903314920117,4.8809202395358956e-05,0.00010639129579956273,34.04072678091837
113.9580311551922,-1.9515899547496605,-0.13213194049309637,28.75088241482962,-0.3775439954098361,5.0652131763212316e-05,0.00018079400274844933,44.07390731750347
113.66158711143275,-0.07411101093986053,-0.7287644668524439,27.232333755493187,-0.09395205385891006,4.673685441649597e-05,0.00013459291029275597,14.991112946680655
114.74854860521738,0.1235183515664342,-0.5516231110950739,25.501997625091974,0.05261445486987078,4.424336332492395e-05,0.00010829802371614594,19.37453051776883
114.00743849581877,0.32114771407272896,-0.7610372142815526,25.53495058130335,-0.17648816255875574,4.410531538927275e-05,0.00010839903019544111,10.50491998740042
111.38884944261036,-1.6057385703636446,-0.6382896348860917,27.147921380878984,-0.667338917284836,4.5761255769186e-05,0.00014345306899190687,20.293963063767606
112.37699625514185,-3.0385514485342813,-0.31591725272785565,27.464677264366628,-1.9422578384846816,4.894890962935335e-05,0.0001451442580651607,31.956235220762846
114.6991412645908,-1.4575165484839236,-0.18492854294944922,28.574010067221536,0.05542207205737079,4.9745631217118964e-05,0.00017964347548829105,36.9400476350071
110.99359071759778,-2.840922086027987,-0.3396329464610819,27.46379112432038,-2.255049450897876,5.484292974627754e-05,0.00015669804233822034,35.96576379184222
112.92047700203415,-2.000997295376234,-0.5561274719444023,28.555280562977714,-0.544145859318015,4.918444657413271e-05,0.00017099732896113426,26.79792932009168
115.09439998960339,-0.5681844172055973,-0.591935014063584,27.901417715755542,-0.1097865325433237,4.9794090620393315e-05,0.00014240500589424298,19.20074391217922
112.03114487075582,-2.9891441079077077,-0.3123289207419894,27.604874264752425,-2.030328554871642,4.6382890826386064e-05,0.00013622683489370696,34.83966275960425
111.78410816762296,-1.9515899547496605,-0.5883271134644181,28.06346680911969,-1.1960887364399284,4.570641883328104e-05,0.00012672017520664052,19.962971535702835
113.80980913331248,-0.1235183515664342,-0.6543230092361193,26.571384801982333,-0.10390455192989775,4.3846696726369686e-05,0.00013249812938793962,18.18157231424197
113.90862381456563,-0.9140358015916131,-0.3713043492992915,27.66374229619538,0.31765321596169177,5.050830627664078e-05,0.00015940094728569942,29.145002175154254
111.53707146449008,-2.643292723521692,-0.35545405931554164,27.4892510732015,-1.404484611970407,5.0113698932641655e-05,0.00010225817275187554,32.67930748737383
114.40269722083136,-1.1116651640979078,-0.37335483549855175,28.221353455531755,0.08975472420821953,5.0287742349352706e-05,0.00017768721526627548,25.490053963325543
114.45210456145793,-2.495070701641971,-0.4858068659959755,28.781767710933025,-0.5748977823021971,5.107993533468231e-05,0.00021122025616574872,28.96731036240903
112.17936689263554,-2.939736767281134,-0.3429848120170072,27.61678591598701,-1.857286351698416,5.1708439333904035e-05,0.00016486345668284522,39.66908187322519
115.19321467085655,-1.9021826141230869,-0.5744819833239252,28.7568593390194,-0.5209231126455611,5.098525572859683e-05,0.00018072279478612883,22.635383150595768
115.2920293521097,-0.1235183515664342,-0.8806371695636719,26.279380558155196,-0.15819117905181126,4.2551753370827e-05,0.00011400333918392036,5.421879272246163
113.76040179268591,-3.0879587891608553,-0.4527820856191101,27.720859146118244,-1.4818982886679377,4.738389738765769e-05,0.00010921241220742875,25.387185307875058
113.76040179268591,0.02470367031328684,-0.5063562168945521,25.463525885122806,-0.10687417601361685,4.635475674125411e-05,0.00012727424680094034,12.795026538494374
114.84736328647053,-2.4456633610153973,-0.135824501202108,28.721449906149076,-0.17569470552750577,6.118141444100389e-05,0.0002222844272152683,46.42404786890791
113.31573572704674,-0.617591757832171,-0.9484779727022382,26.235742681997806,-0.14192644019185763,4.558096280521369e-05,0.00010437333070897438,3.436587975763326
113.01929168328729,-2.0998119766293817,-0.6025089206522161,28.484751049088914,-0.5596789298234163,4.69678190879424e-05,0.00014602811879320623,17.412781164853694
114.50151190208452,0.4199623953258763,-0.7788780176652969,25.232460346928463,-0.03887423026708909,4.2194274526025396e-05,9.953841280720709e-05,6.289739855792069
114.84736328647053,-1.852775273496513,-0.41212026374833866,28.72808390016911,-0.08549227979448105,5.2805292124918764e-05,0.00017905743306456784,24.773068175333975
114.40269722083136,0.3705550546993026,-1.0151719071839214,24.977571506264724,-0.08054843213823107,4.347560638915954e-05,6.483826385571997e-05,2.7661710865818208
112.92047700203415,-0.6669990984587447,-0.8550007464941686,26.283096921002425,-0.16201906292526808,4.697933850209438e-05,0.00013894659749221378,8.984434511556719
113.51336508955303,-0.5681844172055973,-0.7808823947189734,26.463423406341917,0.037564390971336827,4.4926440743666e-05,0.00010327413468515282,8.402335310998446
112.0805522113824,-1.4575165484839236,-0.5514795753075942,25.820007366604273,-0.6787163225221046,4.4454477951614475e-05,0.00010195777774149935,22.84711277337174
111.53707146449008,-2.5444780422685445,-0.4463795113969791,27.672802626056466,-1.2970077299777374,5.019305976449139e-05,0.00014922087568210778,31.324600077758827
112.96988434266072,-1.1116651640979078,-0.5636033280257555,27.30665799835583,0.17368183165420728,4.7967945044625275e-05,0.00012384845939122376,17.464911408185948
112.72284763952786,-3.236180811040576,-0.29447770702974435,27.58503557840993,-2.6620635206316723,4.600416306177851e-05,0.00010225811576461196,29.837539857981454
111.29003476135722,-1.6551459109902185,-0.6839345730316726,27.201538881843533,-0.9526315544858391,4.421728463504098e-05,0.00013463263633715287,23.280063431670143
113.5627724301796,-0.22233303281958158,-0.7751609692188668,27.066031792723095,-0.12631425003946564,4.54217609173726e-05,0.00012596404379670314,11.595773770078393
112.821662320781,-2.5444780422685445,0.15733428582203945,27.971820638209238,-1.1978519742871507,5.855348462922757e-05,0.00018421316518433338,65.61809352910021
113.85921647393906,-2.1492193172559553,0.38184977492517225,28.49322966116449,-0.5647305309036631,6.699346472446318e-05,0.00021321892814501675,71.57469248846128
114.05684583644535,-0.9140358015916131,-0.39709540305319824,27.718487063749365,0.18441045578615164,5.072858411986197e-05,0.00016663403186174686,34.28433722644156
111.1418127394775,-2.2480339985091025,-0.5191215014211904,27.87103577131103,-1.3018136833920888,4.60453982516578e-05,0.00015314541840350998,23.496517618339084
112.96988434266072,-3.0385514485342813,-0.6402692946953886,27.302320734659872,-2.3192968648157,4.633438155531271e-05,0.00012851564005486482,20.69487086082473
114.79795594584395,-0.9634431422181868,-0.53660659645814,28.267354371812644,0.08727112081315785,5.098506919031279e-05,0.00015370054116199325,18.785976305326678
114.25447519895164,-2.495070701641971,-0.5870827947881689,28.563240752985507,-0.6178062506663946,4.793116336028787e-05,0.00014471615858171612,23.81662305254104
112.37699625514185,-1.2104798453510552,-0.7476603970019048,27.052799973664435,-0.7130828830930922,4.683973410063596e-05,0.00010320255097992394,15.017612174952374
113.06869902391388,-0.8152211203384657,-0.6379838132913945,26.259077703216974,0.07549585677959303,4.523222539469419e-05,0.00011796807997030106,13.705386085243205
112.37699625514185,-2.643292723521692,-0.5346371350099032,27.956970257229273,-1.482953217294481,4.666464217067714e-05,0.00013132052253963955,20.646726178667507
114.1556605176985,-1.8033679328699395,-0.1858026364459078,28.7463612921444,-0.15771344708807675,5.141661023127776e-05,0.00019299250977260985,37.35832643589158
112.96988434266072,-2.791514745401413,-0.6837582257189136,27.5686269171444,-1.378534874798339,4.8049557901371036e-05,0.00013812862050369126,20.238246700216663
113.80980913331248,-3.3844028329202973,-0.363888059739249,27.729054434505542,-4.0696834208052834,5.015062227771891e-05,0.0001332171503970426,37.352295144933024
114.20506785832507,-2.5938853828951185,-0.42308417983911284,28.210538930068765,-0.6561589344048206,5.444366848873272e-05,0.0001765917889439014,30.861247285062756
111.48766412386351,-1.40810920785735,-0.636204162201105,26.855299250284816,-0.5925000199565181,4.343316258960819e-05,9.04396678704586e-05,21.046969891232145
112.22877423326211,-2.495070701641971,-0.5374922241494022,28.17547310252246,-1.4737670495186324,4.87988179019976e-05,0.00016104492608392555,24.623260017342552
113.66158711143275,-0.1235183515664342,-0.6507442131052807,27.232333755493187,-0.09395205385891006,4.572804276148247e-05,0.0001291989234762182,18.89313974903141
114.94617796772367,-0.6669990984587447,-0.7044117164463614,27.848056411743244,0.014520982165395458,4.788065994500888e-05,0.00015758107434668268,8.91727850123225
113.5627724301796,-0.07411101093986053,-0.6927312906269243,27.628528778641396,-0.1275982488820582,4.896485226166499e-05,0.000146847897937617,13.731972841369473
112.47581093639499,-2.939736767281134,-0.41779685747484097,27.730880968070267,-1.7193077155101448,4.787070794708528e-05,0.00010711822829650842,30.555835444855003
112.72284763952786,-1.5069238891104972,-0.7285396774930337,27.642016794652136,-0.27990356933923416,4.4583399950892896e-05,0.00012306657793620428,13.991294302436849
114.84736328647053,-2.198626657882529,-0.4003355243272623,28.63746553114902,-0.10495872703599345,5.632333111022599e-05,0.0001823837627226992,30.445210269701285
114.20506785832507,-1.852775273496513,-0.11337449282134456,28.77108580506882,-0.21189608838823107,5.380065544626026e-05,0.00019715242733405144,44.871852774587666
112.22877423326211,-1.0128504828447604,-0.5755206318642446,26.947602491025577,-1.014026893509759,4.65403606596876e-05,0.00013798589030956167,24.772144225235813
114.84736328647053,-0.07411101093986053,-0.7046747791850473,26.367783577059583,-0.02027508506068476,4.7157688035812714e-05,0.00012935880813881744,12.722877750225617
112.37699625514185,-1.7539605922433656,-0.5342993415336298,28.050904116218476,-0.6686123668411631,4.794227251743539e-05,0.00013268162663211704,24.8390179394109
113.51336508955303,-2.5938853828951185,-0.6068510027208688,28.488720594806466,-0.85743780930837,4.59076804705875e-05,0.00012011221239526505,21.101584900281456
115.19321467085655,-1.6057385703636446,-0.5868997766446339,28.41825437663522,-0.4557074249526601,4.955342812896685e-05,0.0001806222122667881,17.806251944859298
111.93233018950268,-1.8033679328699395,-0.6131231540905406,27.497208249127425,-1.037139626196873,4.552204160076856e-05,0.00012972976851732693,18.353521783089324
113.90862381456563,-0.5681844172055973,-0.6420769383174212,27.313150330531812,0.24429121871053439,4.468910514712623e-05,0.00012580506663174327,11.660478130801623
113.76040179268591,-0.9634431422181868,-0.33891478063117286,27.93913894935889,0.30529246654039555,5.1858021526180765e-05,0.00013784415678162634,29.587004676213645
111.43825678323694,-2.34684867976225,-0.5989875701414399,27.96675396672009,-1.1908035440209472,4.729922660947246e-05,0.00016701994610017435,22.583046289263677
112.03114487075582,-2.1492193172559553,-0.6825466606623922,28.118289942800345,-1.1315504636293578,4.68850605394949e-05,0.00015475124799917793,14.8272458803578
113.90862381456563,-0.8152211203384657,-0.6192011437799,27.73750290576328,0.35757020814919177,4.7539647560876056e-05,0.0001398037441638929,20.432236799642244
114.20506785832507,-2.2480339985091025,-0.5706501495985906,28.788193733309527,-0.4382031449565181,5.070827477972519e-05,0.00019828739088943666,20.03282104988697
113.80980913331248,-0.8646284609650394,-0.6011430982162788,27.649127013594978,0.36271599928538006,5.050189919323951e-05,0.00019274484317457246,20.209186166264423
113.71099445205932,-0.02470367031328684,-0.5511043962047275,26.00432449623395,-0.11121219323005206,4.4361075943536884e-05,0.0001489036121110563,15.318808342827566
114.30388253957821,-0.8646284609650394,-0.5804058690552806,27.561173092877425,0.1462521803231887,4.726961675852619e-05,0.00014906103896379226,18.00986672123844
112.12995955200897,-1.1610725047244816,-0.6106795141927404,26.614088312784872,-0.8370098699758081,4.694048689864834e-05,0.00010769109977481204,21.059161704957578
113.5627724301796,-2.6927000641482657,-0.6140505468353836,28.443889142260105,-0.9927354197443269,4.525267033256928e-05,0.00013736501994430554,18.02405986907321
114.94617796772367,-0.9634431422181868,-0.47624128464346555,28.268442455338857,0.07102974108707759,5.1495238120087126e-05,0.00016172628901931518,22.654357634510482
113.31573572704674,-0.27174037344615526,-0.5063365997883416,23.613181074165993,-0.4664548870957929,4.251274117552535e-05,8.063532555277493e-05,26.275410869177627
115.24262201148312,-0.6669990984587447,-0.5805953904653243,27.982369924474654,-0.12814756528830823,4.9961602575349574e-05,0.00015366720796746407,21.43029153657626
112.12995955200897,-1.8033679328699395,-0.5868410773229326,27.585053662900634,-0.957514366985839,4.680305421357733e-05,0.00014938593878228244,21.73708230188196
115.09439998960339,-0.9140358015916131,-0.7101953446011063,28.146332959775634,-0.05259282353483598,4.70198880438688e-05,0.00017828770481636595,13.252398494873638
114.30388253957821,-0.3705550546993026,-0.5936463224499768,26.278804868533314,-0.011386557861610693,4.443076586734282e-05,0.00013098965198689918,22.52786711679383
114.55091924271109,-0.5681844172055973,-0.6760051075762015,28.27181219878014,0.2106118687876949,4.661417583950657e-05,0.00013421891336423553,15.243995951610684
112.57462561764814,-3.236180811040576,-0.3688537769535237,27.591473657113568,-2.497152556607753,4.7237873663441514e-05,5.765777489311489e-05,39.91393823453864
112.47581093639499,-0.8152211203384657,-0.6446999680055733,26.2092790438806,-0.6026333629349132,4.391233759627281e-05,7.947225174950473e-05,10.263870390522271
114.05684583644535,0.3705550546993026,-0.5273408098063858,22.652997094613568,-0.14233635531531436,4.437566507893442e-05,0.00010154062225755318,22.439960073550182
113.01929168328729,-1.0128504828447604,-0.7157766321450936,27.479804940871247,0.25347361888414544,4.797235603520008e-05,0.00012468801557967486,14.186733037507938
113.11810636454045,-0.7658137797118921,-0.6337638115343426,26.259077703216974,0.07549585677959303,4.381601294013152e-05,9.90041283328712e-05,15.590623236656503
113.90862381456563,-2.0998119766293817,-0.18877720427482447,28.49322966116449,-0.5647305309036631,5.5983663710318966e-05,0.00016712618643589122,39.35476979682919
113.80980913331248,-0.07411101093986053,-0.5235875965017704,26.571384801982333,-0.10390455192989775,4.350541158418446e-05,0.0001126370437986173,19.506798113985262
114.50151190208452,-2.6927000641482657,-0.28021062400254954,28.61904647732962,-0.6303983308650829,5.4511212211778715e-05,0.00019271475396976458,35.76800387489882
113.66158711143275,-0.32114771407272896,-0.8596781380231615,26.9340752919515,-0.11376888810852427,4.393160478717669e-05,0.00012438521234547272,6.348111525354032
112.72284763952786,-2.0998119766293817,-0.3948741882549464,28.491656310470034,-0.9095196356008082,4.954854965246313e-05,0.00019907546944079746,32.94315382563574
113.46395774892646,-1.556331229737071,-0.7171085047787819,28.418959671774132,-0.17482514293105514,4.8997850208862947e-05,0.00015236020360182123,12.778276150711992
113.06869902391388,-1.852775273496513,-0.6210007120212677,28.67164823273083,-0.39886636351361693,4.5716615562423476e-05,0.0001547062853779962,16.969126203279828
113.66158711143275,-1.5069238891104972,-0.5456468523808831,28.298296935469978,-0.13921979474432675,4.87870566216436e-05,0.0001751805217003608,21.960302693785998
111.73470082699639,-1.3092945266042026,-0.6574172663039819,26.752265878371247,-0.6701276964611478,4.939554927120733e-05,0.00016956460908987644,18.818107605803593
113.9580311551922,-3.1867734704140025,-0.2495884630335789,27.60548310927402,-1.4916744629542034,6.039259474215337e-05,0.00018295052241952165,41.97110760415163
115.04499264897682,-1.704553251616792,-0.5082101765990887,28.911243622391396,-0.2241965561737249,4.960184344639936e-05,0.00019214298478832052,27.033749858447614
113.51336508955303,-1.3092945266042026,-0.5203084243076687,28.14288786428949,0.03727353207858994,5.59890871940143e-05,0.00017685760953005272,25.422923646437148
113.80980913331248,-2.0504046360028076,0.04763650171665617,28.551283890524076,-0.5204250356297434,5.633347084587641e-05,0.00021795296384519416,51.21167667985519
113.9580311551922,0.3705550546993026,-0.9371968661567018,24.8018867068821,-0.1463247390440953,4.3228074131275906e-05,9.779783747473457e-05,3.2367858504436176
114.64973392396423,-2.2480339985091025,-0.392849783609806,28.936646303718476,-0.275602474624728,5.3297998302991395e-05,0.00016019406951876355,33.06123010607945
113.71099445205932,0.46936973595244996,-0.70355726964098,22.923535047931466,-0.3104520418025829,4.282723902864682e-05,9.991071154075363e-05,8.57264807958102
114.6991412645908,-1.3092945266042026,-0.28923816916781475,28.526170561048787,0.05490515703036461,4.973070345458656e-05,0.00017182812603465446,35.75060345013968
111.63588614574324,-1.5069238891104972,-0.4803304610683521,25.712998420809527,-0.6989536211814409,4.403218518887817e-05,0.00012805285336082444,23.31628893339676
115.19321467085655,-0.5681844172055973,-0.6778424571357359,28.010024124899132,-0.1391602666289718,5.029363697779757e-05,0.00017506474193463943,19.194965330683228
112.96988434266072,-1.0128504828447604,-0.6807370949169796,27.479804940871247,0.25347361888414544,4.905391406713643e-05,0.00011007750035675028,11.42443995090509
111.93233018950268,-3.0385514485342813,-0.5033488531483383,27.72412942486045,-2.3364424690788175,4.604217979484585e-05,0.00011283413167032571,26.920496927092977
114.84736328647053,-1.40810920785735,-0.4720025661688089,28.46717593817067,0.058941766067787456,4.753765485615841e-05,0.00017953008504175644,25.02161015672015
114.84736328647053,-0.617591757832171,-0.7165191475681921,27.887019447044054,0.1014892981376177,4.69067611387643e-05,0.00013139107582682734,13.051748559694772
112.96988434266072,-2.7421074047748393,-0.6684170304808198,27.92258259808574,-1.1227041335753452,4.66198484659847e-05,0.00012998032484031686,16.708250226032327
113.51336508955303,-1.2104798453510552,-0.40958069271337905,27.997705572622806,0.1408471781530498,5.4160600702623484e-05,0.00016360480663083016,31.272906386857276
112.47581093639499,-3.3349954922937237,-0.2686616103797846,27.53723525530023,-3.384950347888617,4.792480742709847e-05,7.891222200598217e-05,40.72939987518966
113.90862381456563,-0.32114771407272896,-0.3678784560015999,26.78197266849469,-0.05187773263012922,4.6875539019039493e-05,0.00013406288211191263,27.433720938540034
114.50151190208452,-0.02470367031328684,-0.5143556812433105,24.885440068186142,-0.06384740493915698,4.5666592966240535e-05,0.00012227528980027696,24.638737306579966
112.47581093639499,-1.704553251616792,-0.5091142791356817,27.753046525554907,-0.48485660994494395,4.718829212080267e-05,0.00014917216202399252,25.205396485744682
113.5627724301796,-0.617591757832171,-0.8448812204812627,26.945450436627425,0.11775780459980904,4.70854166913748e-05,0.00010561949054191824,7.505937455435404
113.80980913331248,-1.3092945266042026,-0.3106241198639487,28.36375977786969,-0.012435458324573658,4.8097276112567194e-05,0.00013172607660016743,36.86481231259636
114.20506785832507,-0.7164064390853184,-0.40918580583810976,27.77596861756882,0.22922457736215468,4.96483446602009e-05,0.0001398012683692697,30.632054715265266
113.85921647393906,-0.6669990984587447,-0.6823992794765329,27.98065792601784,0.36449656810289544,4.667376208225882e-05,0.00012594478080903032,17.55227029290049
114.50151190208452,-1.5069238891104972,-0.12360893469869895,28.444739113325,0.013099089080904722,5.529205367285453e-05,0.0001728563806575963,45.291886642280915
114.99558530835024,0.46936973595244996,-0.6998564633176422,26.819808437206177,-0.19210336679293785,4.589970921448714e-05,0.00015212019688516299,13.849358274502643
113.41455040829989,-2.198626657882529,-0.26994119240015496,28.80520822501478,-0.47612782908074647,4.969450441333064e-05,0.00017152938441359375,36.77591953426275
114.60032658333766,-0.27174037344615526,-0.8294839400953651,27.478954969806466,-0.007368786835376132,4.5673156084290615e-05,0.00014590731947091774,8.830247443374105
113.16751370516702,-1.704553251616792,-0.2548829832012275,28.537675311241628,-0.2457012762258082,5.226980704790799e-05,0.0001669843173697133,35.509724409752955
114.50151190208452,-2.5938853828951185,-0.14601397983633427,28.737056821658314,-0.5927336112952527,5.308395688746091e-05,0.0001863976379159912,48.30126434589324
114.45210456145793,-0.8152211203384657,-0.538034389985134,27.594662555647574,0.21863384747210843,4.72352440650786e-05,0.0001325045335029771,20.428130386303433
113.85921647393906,-2.791514745401413,-0.5580205849743467,28.142550287128984,-0.8789937687508853,4.923690396454032e-05,0.00019277416932621017,30.598085124583132
112.32758891451527,-2.643292723521692,-0.4573976833596097,28.036035650747806,-1.5543311952072898,4.696910279258002e-05,0.00012425906722111438,29.25910537139092
114.99558530835024,-0.7658137797118921,-0.5892065495737697,28.161701762823498,-0.033129390375113796,4.842344961017326e-05,0.00013652191680973343,20.89436574761504
114.94617796772367,-0.5681844172055973,-0.6669798399123452,27.464357771696882,0.024248177622571414,4.7121039645386276e-05,0.00013425272032018955,14.689852173487266
110.99359071759778,-2.939736767281134,-0.37342776799191624,27.392887864289435,-2.8093903314920117,5.036027574441637e-05,0.00010957055944575602,37.304764743939444
114.05684583644535,-2.0504046360028076,-0.32312116999124724,28.92296237239134,-0.39819799087665697,5.201535227284617e-05,0.00022902233242099126,32.99812288997932
114.94617796772367,-1.704553251616792,-0.34410454856900247,28.825294066064203,-0.13879631625281433,5.1608675487434275e-05,0.00017821772090037942,33.07934372773366
113.5627724301796,-2.4456633610153973,-0.5009564708926387,28.80440045109509,-0.6418194402883083,4.643144905466625e-05,0.00011858512979740915,26.798805536589576
113.46395774892646,-0.7164064390853184,-0.7575329935517072,27.144214060277136,0.16867694884170722,4.732633365619033e-05,0.00013196826306283258,12.16056819916299
112.62403295827471,-3.28558815166715,-0.29544674423449785,27.578335274590472,-3.3911917577555153,4.649796592818663e-05,8.321333582829148e-05,38.53800947473834
112.57462561764814,-0.8646284609650394,-0.6507246245601468,26.68600731837904,-0.6181747221652374,4.40676524430266e-05,9.594960535386031e-05,18.72472719070142
113.80980913331248,-0.02470367031328684,-0.47100017261933813,25.463525885122806,-0.10687417601361685,4.536082538891508e-05,0.0001150756375769684,23.72146748490237
113.80980913331248,-0.6669990984587447,-0.6397263928157897,27.733925190678292,0.3336836099624633,4.4977332710060606e-05,0.00010889688791051616,12.822576385139342
114.00743849581877,-2.8903294266545605,-0.5892809062580207,27.84050915094076,-0.866310512578046,4.942844486648185e-05,0.00016095096244123016,19.5084074615948
113.51336508955303,-2.198626657882529,-0.5138673709267961,28.44590254889596,-0.5179158125394657,4.854551267666393e-05,0.00015717948440403446,24.663654545888352
113.71099445205932,-2.0504046360028076,-0.2516934063009088,28.559180784814203,-0.4641468539650057,5.0243855353832136e-05,0.00020014270100969706,36.07636108820997
115.53906605524256,-1.3092945266042026,-0.6138690637715691,26.70211758554717,-0.5275744376359164,4.455482921124671e-05,0.00014734931471479634,17.601423543057003
115.14380733022996,-1.704553251616792,-0.6058309975324498,28.648482000091917,-0.35633013425049964,4.9843781163477555e-05,0.00017909092661198635,16.983863930393778
113.11810636454045,-2.34684867976225,-0.4123580670360334,28.442819143224654,-0.7054919181046664,4.815664835451173e-05,0.00016401670180525408,24.634976775942288
111.98173753012925,-2.8903294266545605,-0.3406734965670227,27.664462661743187,-1.8294158909055924,4.5848479394686876e-05,0.00013113525066560275,36.22157600327522
114.20506785832507,-1.7539605922433656,-0.3172593307808691,28.7463612921444,-0.15771344708807675,5.4138183353889284e-05,0.00019493477414768117,39.92459472252
111.73470082699639,-2.000997295376234,-0.5932735864308826,27.873217966527136,-1.2606044036370738,4.560939321192668e-05,0.00012705667788554475,21.07717724671762
113.85921647393906,-2.4456633610153973,-0.7445115283577269,28.4631551530627,-0.601355392255901,4.820611037115129e-05,0.0001659847901102963,14.565632760024057
113.66158711143275,-2.4456633610153973,-0.6322726860314044,28.710647437013222,-0.6272109393720272,4.621292563121355e-05,0.00013730579591174827,17.42919585517971
114.74854860521738,-0.5187770765790237,-0.5365120546298731,28.16257886062442,0.17480533064147571,4.958977028576818e-05,0.0001376539671547932,23.450800564195504
113.41455040829989,-1.9021826141230869,-0.5113776790017132,28.89536543952096,-0.31910321006068476,4.9740558657486064e-05,0.00016446722868582148,26.027289237146668
112.17936689263554,-2.5938853828951185,-0.5138418124168328,28.060859628371304,-1.5964997064920115,4.887429272513178e-05,0.00014843406143984583,29.13398413748774
113.2169210457936,-0.9634431422181868,-0.6771107527449979,27.404353431419054,0.3670766221152411,4.707964236278753e-05,0.00010514440800514602,11.56788547206185
111.43825678323694,-1.7539605922433656,-0.5657282044627491,27.96672382590208,-1.133734165886302,4.863204689344089e-05,0.00015784886088440807,22.43965816973229
113.5627724301796,-0.617591757832171,-0.8448812204812627,26.945450436627425,0.11775780459980904,4.70854166913748e-05,0.00010561949054191824,4.564981513456488
113.41455040829989,0.22233303281958158,-0.8541707760114257,24.168625108695323,-0.387637401804512,4.062163383693566e-05,9.449931647953517e-05,6.571874617772433
114.1556605176985,-0.27174037344615526,-0.7683166688266935,26.564416244883603,-0.14357363589016006,4.6173619827508546e-05,0.0001099448056575515,10.543226205454769
112.17936689263554,-0.9140358015916131,-0.6144377376557824,27.428686113710796,-0.9069893139379993,4.925035464515336e-05,0.00010170901505976883,19.788244769580196
114.00743849581877,0.4199623953258763,-0.7190428774639077,24.8018867068821,-0.1463247390440953,4.357955524867221e-05,9.253260408373144e-05,15.438632307092123
111.38884944261036,-2.7421074047748393,-0.529508172851395,27.436836190871304,-1.948900121229666,4.388988638745736e-05,9.432456549279913e-05,22.461933831448697
114.99558530835024,-1.2104798453510552,-0.5234803556399152,28.285565453988568,0.06684619556238623,4.9435069207470074e-05,0.00015933448957903938,20.63827814737646
114.64973392396423,-2.1492193172559553,-0.49873000371710613,28.75549094588672,-0.19027607970767552,5.132280399626028e-05,0.0001531719987397564,27.137502004674218
111.68529348636982,-1.40810920785735,-0.5073356993990082,25.859829415215415,-0.689640861970407,4.694252435253864e-05,9.748926559433738e-05,25.85926753088274
114.40269722083136,-2.1492193172559553,-0.3769895317029608,28.932251772468476,-0.2893783354464873,5.25811171880023e-05,0.0001729231179092884,33.34797873343398
114.25447519895164,0.02470367031328684,-0.8629550026952759,25.78227407667373,-0.2504755817813638,4.5211577196714406e-05,0.0001459790800129707,9.789825594181032
114.50151190208452,-1.1116651640979078,-0.39056284668013047,28.12661785078643,0.09726732307010229,4.993397843265773e-05,0.00016205207007565495,31.90307687612718
112.42640359576842,-1.556331229737071,-0.5533348638532577,27.42850828288516,-0.5901987685097588,4.707129038347057e-05,0.00013559679704667395,23.471992042571554
112.92047700203415,-2.495070701641971,0.0728629071755481,28.04633476822471,-1.0552851520938633,6.130011894288919e-05,0.00018897377127955316,51.779922723817975
113.66158711143275,-2.297441339135676,-0.6229387193459434,28.645009777869745,-0.5523388871440181,4.639671161882076e-05,0.00011993400523162147,20.515924393245296
113.26632838642017,-1.1610725047244816,-0.6584524246781024,27.672528344613568,0.12245977219240164,4.61153518940289e-05,0.00013250752317805093,16.84900450624666
114.25447519895164,-1.6057385703636446,-0.3016646896074021,28.364618791179907,-0.06991701214401809,5.0594582060490244e-05,0.00018301189929056222,32.63614193457765
115.2920293521097,-0.617591757832171,-0.5351882039214256,27.917304940871247,-0.16258344974046873,4.92047566095065e-05,0.00016249352960106408,22.937336168927327
113.61217977080618,-0.32114771407272896,-0.8096446550829742,26.021245551403695,-0.13933056225011378,4.443006014640646e-05,9.893630840677343e-05,4.785757056111576
114.35328988020478,-1.8033679328699395,-0.24845098243222327,28.766209020732333,-0.20280260362742866,5.226816549821135e-05,0.00016855193168464685,37.88230292257579
114.6991412645908,0.27174037344615526,-0.7946568646984302,26.276378532692263,0.0006773045033584383,4.507049770674799e-05,0.00011104796950282539,14.528278234441602
112.22877423326211,-1.6551459109902185,-0.7220991484125651,26.93324943354105,-0.8417464995089872,4.642389683223135e-05,0.00010780986449775703,11.774229043978224
111.48766412386351,-2.791514745401413,-0.38724774355648606,27.536939875284872,-2.774609334674882,4.5048576880513505e-05,9.440135962483751e-05,30.2175047211903
114.8967706270971,0.3705550546993026,-0.6737621952907292,26.876762526712355,-0.10902773745266006,4.524923586132369e-05,0.00012679176127120622,16.916073191516155
112.72284763952786,-1.0128504828447604,-0.6354694798824385,26.98578789322471,-0.35432049521693476,4.6433083909270144e-05,0.00011264375740950062,17.104991166595678
111.68529348636982,-1.8033679328699395,-0.5221395944872349,27.50458370726784,-1.188648475541009,4.615129118374573e-05,9.890211357601011e-05,25.58016940684394
113.16751370516702,-2.4456633610153973,-0.45668994996981743,28.460017493919054,-0.7614626634268111,4.844331943260495e-05,0.00016379062626927353,28.879009362238477
111.58647880511666,-2.0504046360028076,-0.5415890789444612,27.97583840923545,-1.2958631324179377,4.901732311488138e-05,0.00015655600389517,23.38124055237285
113.16751370516702,-3.0385514485342813,-0.5293091132807574,27.578552288479273,-2.2220558045822894,4.61487155823321e-05,0.00010488707251257311,23.665333444303982
115.09439998960339,-0.3705550546993026,-0.5911602286915961,27.573585081689146,-0.09862538767449648,4.816661060124253e-05,0.0001368343372735031,24.45171337261196
113.66158711143275,-1.6551459109902185,-0.34907584154352667,28.453235809891396,-0.21240848229255202,5.022340511202326e-05,0.00016310547434935537,31.499045039650195
113.61217977080618,-2.5444780422685445,-0.5457492260781931,28.6309882693821,-0.7705101834403144,4.647018461449039e-05,0.00011460212616219321,26.15624728072837
111.63588614574324,-2.495070701641971,-0.5653550299909272,27.768915666179907,-1.2065332833631541,4.6451101564461966e-05,0.00010372414665460218,20.216767856621335
114.25447519895164,-2.495070701641971,-0.5870827947881689,28.563240752985507,-0.6178062506663946,4.793116336028787e-05,0.00014471615858171612,21.369831770872835
114.20506785832507,-0.22233303281958158,-0.6819152485950113,26.11958901205179,-0.24591678307380208,4.45314201430559e-05,0.00011267213960482525,14.377529258199429
113.85921647393906,-2.198626657882529,0.3217744810800956,28.480341447429907,-0.586798130730052,6.657438605837632e-05,0.00021003315020613872,70.65859377274975
112.57462561764814,-1.9515899547496605,-0.42277819094535973,28.471534300439146,-0.8408045989495737,4.95433134284471e-05,0.00018431661398699936,34.33240523511785
113.9580311551922,-2.6927000641482657,-0.5844842900349504,28.172585612167552,-0.7881048858901601,5.0331813853112225e-05,0.00018203779586575182,22.486849560128
114.74854860521738,-1.0622578234713342,-0.3867662074487765,28.253727708039605,0.08084886603885227,5.111743719651123e-05,0.00017812258866627123,27.76756935910148
112.47581093639499,-1.2598871859776288,-0.6752824936031163,27.24623470070918,-0.5395606873947897,4.614788126199701e-05,0.00010129921287604595,16.883455296916253
114.60032658333766,-0.8646284609650394,-0.4866155044884003,27.799095667144456,0.15800031762064234,4.9229652689619825e-05,0.0001549560275174315,18.40058522633032
114.99558530835024,-2.0998119766293817,-0.2488741633589156,28.78010996594844,-0.2712199997018885,5.341558450427792e-05,0.00021782400811773398,38.30345586623696
115.2920293521097,-2.000997295376234,-0.6244667469119668,28.427567889366685,-0.5785538635136169,5.288852484487863e-05,0.0002308932680595762,21.870068152676787
114.40269722083136,-2.7421074047748393,-0.6468255981870753,28.332684594613568,-0.6448787333052834,5.06314754995206e-05,0.0001721386865950906,20.74962334412332
113.01929168328729,-1.40810920785735,-0.6173840731227471,27.905128050439203,-0.137309620409836,4.8417296759389165e-05,0.00014841024745709995,19.658241629689947
113.2169210457936,-2.643292723521692,-0.528248704485579,28.169933220192263,-0.8362171664650059,4.84551241847768e-05,0.00011145367946140908,23.63288184988206
112.12995955200897,-2.5444780422685445,-0.6551049282288515,28.22599815557038,-1.4072907221170121,4.707668971915502e-05,0.0001356592752726932,26.934963880916946
114.40269722083136,-0.7164064390853184,-0.4616074400659779,27.99530937759971,0.24003156762064237,4.860365926014523e-05,0.00017006103408047184,21.88640703924982
113.41455040829989,-1.9021826141230869,-0.5113776790017132,28.89536543952096,-0.31910321006068476,4.9740558657486064e-05,0.00016446722868582148,19.625955657243836
112.17936689263554,-2.2480339985091025,-0.562812773241609,28.19664401301634,-1.2586482645552834,4.8745561885796885e-05,0.0001767443345540183,27.069161026763016
115.14380733022996,-0.617591757832171,-0.7068653359344932,27.901417715755542,-0.1097865325433237,5.060241319071384e-05,0.0001665067221206659,13.220470075428501
114.84736328647053,-2.0504046360028076,-0.4295337808308113,28.730953306033314,-0.12559840561431135,5.3227607126004456e-05,0.00021302882276971229,31.678727474851463
113.41455040829989,0.22233303281958158,-0.8541707760114257,24.168625108695323,-0.387637401804512,4.062163383693566e-05,9.449931647953517e-05,7.79025529216286
112.57462561764814,-1.8033679328699395,-0.6460665614684807,28.126798695693708,-0.47728297592681135,4.6763711404527456e-05,0.0001420164445524613,17.38125908676978
115.2920293521097,-0.9634431422181868,-0.58276958810767,28.04993961004567,-0.20233617447040697,4.7134325048479004e-05,0.00016130665567699764,16.06595359884747
112.77225498015443,-3.236180811040576,-0.262735842860788,27.55866537682806,-2.961603722454589,4.682992995946421e-05,8.989533216886009e-05,42.537557602531685
113.85921647393906,-1.2598871859776288,-0.10117442027979985,28.275911350014724,-0.04067213005489774,5.239631768125953e-05,0.00015289768048720427,42.95774038397096
111.73470082699639,-2.297441339135676,-0.43370550946458614,28.015600176210796,-1.1173533848774286,4.634446619434976e-05,0.00014896899278490244,30.328560499949987
111.83351550824953,-1.40810920785735,-0.6808711814458733,26.237038737167552,-0.663090569001657,4.5830326810109756e-05,0.00011579147365358466,14.059617608389956
113.51336508955303,0.07411101093986053,-0.7479711622642219,26.33437850857956,-0.291972706347336,4.421322198329047e-05,0.0001229710549432991,15.63993165072952
113.06869902391388,-0.6669990984587447,-0.9134530696624448,25.064395146311142,-0.09943240807380206,4.555096776043383e-05,0.0001196408957042933,4.337817995094564
113.9580311551922,-3.0385514485342813,-0.4112066463028412,27.92038834654261,-1.0048053102728762,4.9058430350368484e-05,0.00014264297732741998,32.92762712493516
113.9580311551922,-3.137366129787429,-0.20901248250121884,27.716331995269456,-1.2363455663492653,6.075904937325116e-05,0.00017346039138745192,41.43847700953003
112.37699625514185,-1.0622578234713342,-0.630415010995395,26.979952630878984,-0.8287377225028146,4.458435410177884e-05,9.6998982631518e-05,11.128809074155326
113.66158711143275,-1.4575165484839236,-0.5859898123628817,28.298296935469978,-0.13921979474432675,4.867135653728774e-05,0.000188668964754486,21.46973630689797
112.57462561764814,-3.0879587891608553,-0.37315374083954866,27.565516384736952,-2.1100020393913175,4.86486600371881e-05,8.358951956664135e-05,35.095954934698064
114.05684583644535,0.46936973595244996,-0.599119914885456,23.627657709003984,-0.0911519718758854,4.45345234756729e-05,0.00010970979855881207,21.09536003698677
113.41455040829989,-1.8033679328699395,-0.45264749651581815,28.802206199551847,-0.2736312651339872,5.0738932385211744e-05,0.00013521537395253154,20.06055594696216
111.1418127394775,-1.9021826141230869,-0.4237676263929672,27.600859507808025,-1.3708700648060548,5.1620562787325955e-05,0.00015708258056096636,32.98392206719838
111.93233018950268,-1.40810920785735,-0.6326173031724177,26.76439152941299,-0.6756283957281232,4.54102582811387e-05,0.00011678274638591283,17.67441799754358
114.35328988020478,-0.8152211203384657,-0.5149992320010972,27.570266577638222,0.2122831771403183,4.807516804774301e-05,0.00014052930553553055,25.290158667910784
111.48766412386351,-1.6551459109902185,-0.5845898255925677,27.349063115061085,-0.9334702830255766,4.79942801045379e-05,0.0001548650723597679,25.177997088872374
114.60032658333766,0.3705550546993026,-0.7987778103912344,25.659332694536374,-0.046505885359681684,4.069908824655504e-05,8.605428611103196e-05,14.024060883765035
114.74854860521738,-0.22233303281958158,-0.6711728514467089,26.994103744883603,-0.01443756215366316,4.6029437057748895e-05,0.0001589571540296319,17.78675090222695
111.38884944261036,-2.0998119766293817,-0.5404040286709667,27.74001664997627,-1.320524349624728,4.8929585421639746e-05,0.00017351012331091883,19.98776813722995
113.36514306767332,-0.617591757832171,-0.8586514861867736,26.249125205146015,-0.055518743432598355,4.521971025994863e-05,0.00012885472748598177,3.7577097294248327
111.73470082699639,-2.3962560203888237,-0.5022313459499498,28.059066249706177,-1.115963139651734,4.554141242989076e-05,0.00013601029849482344,26.194934820143388
114.40269722083136,-0.17292569219300788,-0.6029473943418785,25.424412145732333,-0.1635720685676292,4.2238903836540704e-05,0.00014519661509165016,20.453048277905502
114.30388253957821,-1.3587018672307762,0.36762873611215957,28.204504738324943,0.004415519443559058,6.093019694805987e-05,0.00020172481110109834,63.59923683428205
113.66158711143275,-1.2104798453510552,-0.20322434999707806,28.058303687013222,0.13299624861022571,6.1052497932732e-05,0.00018035485202354655,40.73494712032852
111.68529348636982,-2.4456633610153973,-0.6219110808605426,28.059066249706177,-1.115963139651734,4.6937762666838356e-05,0.0001459390230281025,15.552821801394552
112.57462561764814,-1.0622578234713342,-0.7342777980804693,27.11114958303949,-0.5921677174391571,4.58799996135008e-05,0.0001278473171692019,15.644786631342578
114.6991412645908,-2.643292723521692,-0.057947883984146555,28.72163979330179,-0.5534548509268112,7.066820457935592e-05,0.000286561025861277,50.349299613158095
113.85921647393906,-2.6927000641482657,-0.6313564879838933,28.22890975857956,-0.8465162839418575,4.781341403276565e-05,0.00015748438678147973,18.76870214633823
113.76040179268591,0.5187770765790237,-0.8403459374992747,24.949757559505542,-0.2538144308843731,4.0809532624204664e-05,7.245743282267118e-05,10.683575662479676
113.85921647393906,-0.7164064390853184,-0.6547377632453961,27.98065792601784,0.36449656810289544,4.736752912189619e-05,0.00012596997294027246,12.69456869151401
112.17936689263554,-0.6669990984587447,-0.9741119268299291,26.01827065267679,-0.5691212945514256,4.740618331371158e-05,0.00011366925421496757,4.548117332408936
114.25447519895164,-1.4575165484839236,-0.2097776670602869,28.222251651905196,-0.018474924711533534,5.163890601113356e-05,0.00015174368716726084,40.651655186332654
115.24262201148312,-1.556331229737071,-0.6556448210662933,28.41825437663522,-0.4557074249526601,4.905261432454703e-05,0.00019754605394749607,20.900653857665027
112.821662320781,-2.297441339135676,0.2262322349504532,28.273087155377482,-1.0004439339225675,5.903346324091941e-05,0.00020053229614737353,66.62458339776234
114.79795594584395,0.32114771407272896,-0.6266479627977476,25.820634295616685,-0.020189183729666268,4.5489409642645696e-05,0.00010109279478279366,20.69140134757946
112.96988434266072,-1.1610725047244816,-0.5483230828074771,27.354440236974654,0.018166514090549785,4.689254521272652e-05,9.508331279400412e-05,25.172218411542865
112.47581093639499,-0.9140358015916131,-0.7586506907765658,27.14829512702096,-0.7632673448986476,4.6002523422457305e-05,0.00012298895154276153,13.019089336733597
114.60032658333766,-2.000997295376234,-0.6357129629192094,28.741354902291107,-0.1682024517177064,4.96039926556291e-05,0.0001786208356728393,18.805329573412095
111.33944210198379,-1.9515899547496605,-0.6001184454145665,27.529504135508603,-1.3409839368160863,4.647012072412565e-05,0.00015675261390863472,23.843853211725417
111.43825678323694,-2.1492193172559553,-0.4555415372090331,27.74001664997627,-1.320524349624728,4.7477032660390146e-05,0.0001663936836325395,27.609172738279113
113.61217977080618,-2.0504046360028076,-0.5825546014054427,28.615185438556523,-0.44810214307573115,4.741432083985889e-05,0.00016980543745793276,16.480451468704608
111.73470082699639,-1.4575165484839236,-0.6856274560154607,25.075155418301847,-0.723553803231981,4.390560018483601e-05,8.110185431382668e-05,17.292785373415725
114.50151190208452,0.22233303281958158,-0.7483178938072469,25.755575340176847,0.04574837655196953,4.5767766503180206e-05,0.00011832077657869683,9.028976527771228
111.98173753012925,-3.3844028329202973,-0.27282740519859683,27.42049986756882,-5.012163437443014,4.4322572186766074e-05,5.4795140119337946e-05,39.916870026050496
114.25447519895164,-2.939736767281134,-0.3662725297618774,28.04734448562425,-0.8083926704194809,5.022300303557279e-05,0.00016838060468513,36.02078831411646
115.19321467085655,-1.9515899547496605,-0.5951258765404499,28.87194602401172,-0.43565549232341627,5.0890666062430825e-05,0.00018016359786482623,22.791409934046587
112.22877423326211,-3.236180811040576,-0.43872713507884237,27.448045561048787,-2.4176674521999595,4.4911202323891694e-05,0.00010037437997314588,27.212940515998596
114.99558530835024,-2.000997295376234,-0.3808388408993462,28.999076979837298,-0.2884394489688638,5.5796840405836935e-05,0.00020854810907112433,31.58138640500346
111.24062742073065,-2.3962560203888237,-0.49878142969440986,27.55963289708268,-1.3512024276050523,4.8849318037375684e-05,0.00015036024980340454,25.048173534541277
115.58847339586913,-1.0622578234713342,-0.6685182343721523,28.09254365614902,-0.5576519598195581,4.453705572635974e-05,0.00014889071877650326,17.909239908346972
114.00743849581877,0.46936973595244996,-0.6450983808764661,25.72541342370306,-0.11240426257804587,4.3716422077206464e-05,9.061337515532024e-05,21.13977552709146
114.8967706270971,-0.02470367031328684,-0.6373252562636511,26.43951570958268,-0.021176295515931684,4.746222748244218e-05,0.00012081475352222476,20.327280029942138
113.76040179268591,-3.0879587891608553,-0.4527820856191101,27.720859146118244,-1.4818982886679377,4.738389738765769e-05,0.00010921241220742875,27.45369528059125
112.92047700203415,-3.0385514485342813,-0.49935333979739605,27.39639324141143,-2.318005330768633,4.7021611032124396e-05,0.00011162918486295395,25.992033545607846
114.30388253957821,-2.840922086027987,-0.5674366710758102,28.12616272443603,-0.7426638353018112,5.108861942079732e-05,0.00018195526119683104,22.374208780907132
113.46395774892646,-0.5681844172055973,-0.7848034838415187,26.463423406341917,0.037564390971336827,4.426659544718119e-05,9.311627415679593e-05,8.77768133234106
114.55091924271109,0.1235183515664342,-0.6647793202585089,25.410505172352828,0.041237049632602274,4.4392418465432754e-05,0.00010521287746304066,16.60705857613279
113.46395774892646,-2.000997295376234,-0.38697441524730936,28.662823001249365,-0.38016624656724335,4.959934721203439e-05,0.00016200958658810322,31.872042805821618
112.22877423326211,-1.704553251616792,-0.6192241876199541,26.93324943354105,-0.8417464995089872,4.7434509786471e-05,0.00011143012107491498,15.842469470598544
113.5627724301796,-2.4456633610153973,-0.5009564708926387,28.80440045109509,-0.6418194402883083,4.643144905466625e-05,0.00011858512979740915,23.666710352017663
112.52521827702157,-2.939736767281134,-0.3978831463946988,27.730880968070267,-1.7193077155101448,4.883564274812978e-05,0.0001369028719876582,31.1799125186541
111.1418127394775,-2.1492193172559553,-0.6442246344898361,27.792295898625923,-1.261866550386688,4.850539801526973e-05,0.000164786734059771,14.223707905269217
111.04299805822436,-2.9891441079077077,-0.4104616644851265,27.48557389341761,-3.538966913282135,4.710471303254692e-05,0.0001074447469038691,37.89659633713269
114.74854860521738,0.32114771407272896,-0.6864724616644536,26.276378532692263,0.0006773045033584383,4.581333930611111e-05,0.00010965437777545094,11.616014686414342
112.37699625514185,-2.495070701641971,-0.4951453551819255,28.09668199044694,-1.3800389016116108,4.897592700192005e-05,0.000148337185987275,24.24331662945996
112.03114487075582,-0.7658137797118921,-0.7054633098034758,26.08492104330179,-0.7527466924102219,4.7575674052560686e-05,0.00012006343465850257,22.34520161512392
112.92047700203415,-0.5681844172055973,-0.7302757847917825,25.701822205531812,-0.3276534065788174,4.6504599649661164e-05,0.00011123363269111746,10.949273967029653
114.55091924271109,0.46936973595244996,-0.6597764139011238,23.324034179875923,-0.08423540768799959,4.2813414561010816e-05,5.7349835628755274e-05,15.652105779531254
111.29003476135722,-2.000997295376234,-0.5237501524090092,27.529504135508603,-1.3409839368160863,5.01679058983375e-05,0.00012684760590034444,22.571807026818632
111.38884944261036,-1.3587018672307762,-0.6396968174021598,26.806615801210796,-0.544558788523262,4.5059373628332026e-05,8.873458847684215e-05,16.430300723774103
115.24262201148312,-0.617591757832171,-0.5773305680874949,28.010024124899132,-0.1391602666289718,4.9332860619711145e-05,0.00016610629036338176,19.616206758109943
113.06869902391388,-1.3092945266042026,-0.5827383373177905,27.630527114868187,-0.06694964862164156,4.7269325388401815e-05,0.0001479260396219066,25.340644866379442
113.85921647393906,-2.6927000641482657,-0.6313564879838933,28.22890975857956,-0.8465162839418575,4.781341403276565e-05,0.00015748438678147973,18.302778584067855
114.74854860521738,-1.1610725047244816,-0.1897662671525649,28.358596655763222,0.06443191604849732,4.83951483500268e-05,0.0001556206697264967,36.56266397055698
114.20506785832507,-0.5187770765790237,-0.5391176427721726,27.79927048388828,0.06570687264571955,4.93739167494902e-05,0.00012651180404881212,22.650438017415862
112.27818157388869,-2.9891441079077077,-0.29582394163332276,27.426479805840415,-1.9854820319163944,4.968871954187754e-05,0.00010916690801772589,44.9555286474977
113.36514306767332,-1.5069238891104972,-0.5466392336606101,28.45305797906576,-0.1057958882532002,4.893601460440681e-05,0.00013534831719118419,19.77270354865746
113.90862381456563,-0.02470367031328684,-0.5466546732888181,25.604316659621247,-0.09379532160582367,4.408098948536193e-05,8.629570213212867e-05,20.864871498420175
115.09439998960339,-0.4199623953258763,-0.5314772181595063,27.573585081689146,-0.09862538767449648,4.874128709308309e-05,0.00014474073814231225,16.59078141688877
113.51336508955303,-2.495070701641971,-0.48621582591299856,28.585505775169054,-0.7999042625780457,4.565707795509618e-05,0.00011182286261858193,24.568780689494183
114.10625317707192,-0.46936973595244996,-0.7045143319885147,27.53115886641143,0.09425625536176895,4.841486679451483e-05,0.0001301461452500338,16.656093276095504
114.20506785832507,-1.40810920785735,-0.24243008846090217,28.119064561820323,-0.00933020056029896,5.2626138543540024e-05,0.00017923191465725845,41.223454825760754
113.06869902391388,-0.9140358015916131,-0.6790249482809884,27.452548599243187,0.24836098264764853,4.6753991493072944e-05,9.319696531512966e-05,9.513105299997848
114.94617796772367,-1.3587018672307762,-0.594671332204004,28.50842063338672,0.048406796690858435,5.0030928011522236e-05,0.0001657274409010445,18.29300741246888
114.00743849581877,-0.46936973595244996,-0.6349244078277921,26.69950136255335,0.10408065495667634,4.4327169596564674e-05,8.765424204707661e-05,10.057032138946129
114.84736328647053,-2.34684867976225,-0.20815089892831756,28.687243091912933,-0.11863361611778354,6.04431618177948e-05,0.0002159265445469647,44.291552976869525
113.06869902391388,-1.0128504828447604,-0.6851979041658506,27.514373444922114,0.3287246918972628,4.595735894050229e-05,0.0001480059575662725,14.134114411573961
113.76040179268591,-1.9515899547496605,-0.19135078941666228,28.54615995148083,-0.4058108079580613,5.060163586229489e-05,0.00021681615762025235,34.88187764580561
114.84736328647053,-0.32114771407272896,-0.6374403831409536,27.74726853076328,0.06475442280004055,4.793092239758102e-05,0.00015533894413022296,14.02650397532969
113.01929168328729,-0.6669990984587447,-0.9709529916895729,25.963088843263222,-0.13857704180258293,4.560938004456611e-05,0.00012354313478046643,3.7416231523521275
113.90862381456563,-1.852775273496513,-0.3223517895194426,28.49138504310895,-0.32261461534617863,5.083163951800608e-05,0.00019980542629831463,26.989721085247375
113.61217977080618,-2.5938853828951185,-0.5593059243962224,28.53376303307806,-0.9077481090286631,4.701283434177437e-05,0.0001547238674285244,22.45839391901089
113.76040179268591,0.3705550546993026,-0.6083713508691989,25.19976358766911,-0.18352604353869406,4.210831168601327e-05,8.077273124193856e-05,17.97066623211703
113.01929168328729,-2.939736767281134,-0.6407725360491109,27.37671128732194,-1.7419163430178608,4.525755202480531e-05,0.00011749579698629631,18.32398458766377
114.10625317707192,-2.0504046360028076,-0.21557097418032825,28.92296237239134,-0.39819799087665697,5.3166044115156825e-05,0.0002030468333760674,36.06131445937197
112.27818157388869,-3.0385514485342813,-0.18876257242863922,27.426479805840415,-1.9854820319163944,5.081674105672746e-05,0.00014509508467699394,44.09175748005584
111.33944210198379,-2.198626657882529,-0.6599458774286421,27.876461118533314,-1.3342610273832156,4.571472161525907e-05,0.00015584642872416073,21.91135874008097
114.84736328647053,-2.495070701641971,-0.14604478425054362,28.607894374706177,-0.3238707339322126,6.027544329963044e-05,0.00028464003174562475,48.00706743803997
115.09439998960339,-1.6551459109902185,-0.5212669543184958,28.648482000091917,-0.35633013425049964,5.012063210398498e-05,0.00020352658514394557,27.872746799539467
115.04499264897682,-0.9634431422181868,-0.6167194119648791,28.065914243533314,0.05491645983707757,5.1533585336847876e-05,0.00016239563481030542,24.134015817943606
114.00743849581877,0.32114771407272896,-0.7610372142815526,25.53495058130335,-0.17648816255875574,4.410531538927275e-05,0.00010839903019544111,12.095108371931435
115.19321467085655,-0.9140358015916131,-0.6305668157320485,28.15388926282344,-0.14334607271500574,4.860056266285854e-05,0.00016427191392297304,22.38096041738842
111.73470082699639,-1.6057385703636446,-0.6726464900341708,25.657834695886663,-0.8375335666868422,4.6000930177117e-05,0.00012949991992172223,16.67515645700986
114.05684583644535,-0.27174037344615526,-0.6388760399876687,26.785719172159872,-0.08604913140520638,4.407231642222351e-05,0.00011756096333449675,17.549052917619207
113.71099445205932,-2.4456633610153973,-0.6261572764864843,28.710647437013222,-0.6272109393720272,4.828396825279452e-05,0.0001507344613175314,22.588296698958967
114.6991412645908,-1.7539605922433656,-0.5964328442505684,28.85463615229105,-0.041686368577274265,4.827493100476379e-05,0.00018659620760194987,15.372248694903268
112.27818157388869,-3.137366129787429,0.0509748580256625,27.389846655763222,-2.203047497772877,5.635096983477348e-05,0.00011068880361129872,57.07376127924613
114.79795594584395,-0.02470367031328684,-0.7749984758728636,25.69608640788516,0.017684261004130047,4.556249340609424e-05,0.00011360849777263615,8.555626096424328
112.42640359576842,-2.791514745401413,-0.5777883655894248,27.666470040215415,-1.6671708822250364,4.694292157358679e-05,0.00012850465100497686,29.377440310220663
114.99558530835024,0.5187770765790237,-0.7268845168714873,26.819808437206177,-0.19210336679293785,4.492201680963849e-05,0.0001158131238735609,18.023891080635128
112.17936689263554,-3.236180811040576,-0.4882521364395725,27.448045561048787,-2.4176674521999595,4.558172290130698e-05,0.00010561783975595431,25.87764920634251
113.11810636454045,-2.9891441079077077,-0.6051005823965899,27.47090435734509,-2.2861668312991106,4.564796872296526e-05,0.00010750655625477336,25.171192611089175
114.6991412645908,-0.46936973595244996,-0.7167933159737376,28.16257886062442,0.17480533064147571,4.8176351039459376e-05,0.00015115695152544768,12.194838501494992
114.1556605176985,-1.40810920785735,-0.31096918893556413,28.119064561820323,-0.00933020056029896,5.070222444139677e-05,0.00017306281235786495,33.319490717617185
114.25447519895164,-0.22233303281958158,-0.5542790255028336,25.619658335932968,-0.20876445740829278,4.387965676297278e-05,0.00011559357369315559,24.439122153322543
114.79795594584395,-0.4199623953258763,-0.6148223968759594,27.84420742929717,0.10982097372596647,4.9130814126101724e-05,0.00016732217014548304,24.177478303743825
111.04299805822436,-2.840922086027987,-0.36573762764437334,27.46379112432038,-2.255049450897876,5.316194972498898e-05,0.00014136734078894135,37.88114821476914
112.57462561764814,-0.7164064390853184,-0.5026589452301758,24.118003605030196,-0.39449745195883285,4.5899730592603785e-05,7.853905503558106e-05,23.798292651741836
115.24262201148312,-1.704553251616792,-0.6163278495144994,28.382079366990126,-0.5169091092215643,4.956803137212673e-05,0.00017248623007602747,22.969309196493295
114.79795594584395,0.4199623953258763,-0.9138865805678643,26.742364619690647,-0.07668814688553044,4.310853518716322e-05,0.0001144178706061782,4.072475944871703
113.11810636454045,-1.9021826141230869,-0.5515049409486426,28.67164823273083,-0.39886636351361693,4.7126476058692876e-05,0.00016883145572032005,23.21826901531332
111.53707146449008,-2.1492193172559553,-0.46796609525501404,28.041337420616685,-1.3097309227342957,4.7808739791889864e-05,0.00014272891601016044,28.60455256414366
111.98173753012925,-0.8152211203384657,-0.732580802176795,26.08492104330179,-0.7527466924102219,4.695058988322358e-05,9.203720504752193e-05,16.501889635069123
112.22877423326211,-1.0128504828447604,-0.5755206318642446,26.947602491025577,-1.014026893509759,4.65403606596876e-05,0.00013798589030956167,20.664962796884524
114.84736328647053,-1.9515899547496605,-0.3749588628174216,28.805624168301847,-0.11426244400165697,5.279404936879106e-05,0.00018357517445221296,35.21425078895249
112.0805522113824,-1.6551459109902185,-0.6676512454155097,26.7456288702694,-0.8277506107165489,4.585153084460555e-05,9.961858685284179e-05,16.05735378858996
114.00743849581877,-1.2104798453510552,-0.3489382564536507,28.26035868797777,0.012394547462463388,5.5436898409400336e-05,0.00016672204015152558,31.319109241414
112.12995955200897,-1.0128504828447604,-0.49855585195893837,27.14801481741449,-1.0342732344144656,4.810671503485343e-05,0.00010712348777750079,24.505533673424758
112.77225498015443,-1.704553251616792,-0.5872642699793085,28.117346535199943,-0.3366421519974132,4.695931057085186e-05,0.00014828632579213334,21.02489010565741
113.5627724301796,0.1235183515664342,-0.7349070950020253,26.029103262630485,-0.16260304127210454,4.318976258669596e-05,0.00010997644672345154,13.059095115383197
113.76040179268591,0.02470367031328684,-0.5063562168945521,25.463525885122806,-0.10687417601361685,4.635475674125411e-05,0.00012727424680094034,18.707367739952275
110.94418337697121,-2.939736767281134,-0.3191188348069775,27.533630413479273,-2.940702572280978,5.1551327046480583e-05,0.00010915560285938808,34.703503882423966
111.1418127394775,-2.34684867976225,-0.4919042732317931,27.670933895346536,-1.3672667300259624,4.754469773962892e-05,0.0001399644669106224,23.475311910415567
112.62403295827471,-1.0128504828447604,-0.6455297570244777,26.717097572044054,-0.625468800097336,4.492317045716598e-05,0.00011582498754001392,15.06469881793614
112.62403295827471,-1.2104798453510552,-0.6544999304910915,27.342685317993244,-0.48932197211701195,4.5726331510794634e-05,9.429058788368088e-05,16.41264215796977
114.6991412645908,-2.4456633610153973,-0.18615957940288458,28.63037942486045,-0.2637330205352218,6.346964674177565e-05,0.00024268420098871713,44.032075074955166
114.10625317707192,0.02470367031328684,-0.6544648990239362,25.75687139534665,-0.2392300426224132,4.486735248269211e-05,0.00010631808589826442,17.21063963433409
114.84736328647053,-0.4199623953258763,-0.6221803490576351,27.84420742929717,0.10982097372596647,4.7930506852101715e-05,0.00015922240938401932,18.738117275142923
114.50151190208452,-2.9891441079077077,-0.31184264758090086,28.345021231380542,-0.9139865048137712,5.563130818272587e-05,0.0002265027205001971,31.508873048391735
112.87106966140757,-0.617591757832171,-0.9906542071444914,25.701822205531812,-0.3276534065788174,4.4364826164621053e-05,0.0001050810539083288,2.5088293826702905
112.57462561764814,-1.556331229737071,-0.8529076122542633,27.608439923510105,-0.40884824888205834,4.560655587522741e-05,0.0001457746791332572,6.032820376190063
113.66158711143275,-2.000997295376234,-0.4938912279160582,28.509180181997806,-0.37342073152094707,4.71768548139742e-05,0.00018740908034323592,22.697623383838653
113.06869902391388,-2.3962560203888237,-0.02761186576583777,28.353349139366685,-0.807620311960762,5.33946548646631e-05,0.00019167710738953977,46.890937901945065
113.76040179268591,-2.840922086027987,-0.2704117534384617,28.062499288865126,-0.9358845625394653,4.96137731118456e-05,0.00015355926826054057,39.92601887583499
114.50151190208452,-2.2480339985091025,-0.46510584773863567,29.039812295230945,-0.33407566135312305,5.122550285968805e-05,0.00020002974051889136,30.75777884211698
111.63588614574324,-1.8033679328699395,-0.5392803979601659,27.92170248620306,-1.1886748487566725,4.562655226461512e-05,0.00010265689492725324,26.3001926463374
111.98173753012925,-3.28558815166715,-0.3615394812717799,27.478104998741628,-3.5562195174488016,4.5471846148310326e-05,6.130639608005333e-05,37.29395874864775
113.66158711143275,-0.02470367031328684,-0.6512366631938036,26.00432449623395,-0.11121219323005206,4.4421485015603974e-05,0.00015927649250433438,16.784646430285687
112.47581093639499,-1.0622578234713342,-0.7416405721878248,27.03801590248389,-0.7499390752227215,4.45014254583593e-05,0.00012060234076573667,18.304425588972457
112.0805522113824,-1.556331229737071,-0.5241775973018271,25.815971511087298,-0.7199421797269657,4.434724801039751e-05,0.00011163023030339976,26.217753675581903
112.22877423326211,-1.6551459109902185,-0.7220991484125651,26.93324943354105,-0.8417464995089872,4.642389683223135e-05,0.00010780986449775703,12.16682919508538
111.63588614574324,-1.9515899547496605,-0.6194950934078569,27.93406926378799,-1.2979277784441723,4.5032725940686055e-05,0.0001608835063214798,19.05212276814699
112.12995955200897,-3.236180811040576,-0.4575638196740184,27.417304940871304,-2.4614281521903147,4.559251394821641e-05,0.00010788875507962988,35.18485504935257
113.61217977080618,-2.495070701641971,-0.5002841353984486,28.6309882693821,-0.7705101834403144,4.522823169620181e-05,0.00011832232222074687,22.738275913296057
114.20506785832507,-1.852775273496513,-0.11337449282134456,28.77108580506882,-0.21189608838823107,5.380065544626026e-05,0.00019715242733405144,41.287961869740045
114.84736328647053,-2.0504046360028076,-0.4295337808308113,28.730953306033314,-0.12559840561431135,5.3227607126004456e-05,0.00021302882276971229,35.12867034512074
112.12995955200897,-1.2104798453510552,-0.6263402259669733,26.614088312784872,-0.8370098699758081,4.693104663794471e-05,8.018433174447457e-05,17.70954118247033
114.40269722083136,-0.8152211203384657,-0.5521360093344861,27.570266577638222,0.2122831771403183,4.787798846800989e-05,0.00014244795747759344,19.881930202176886
112.821662320781,-2.495070701641971,0.193113473378167,27.971820638209238,-1.1978519742871507,6.252793803350354e-05,0.00019444747060977098,64.2235449503526
114.84736328647053,-0.7658137797118921,-0.6263472281856307,28.05113620051634,0.08060397189340474,4.888834576023778e-05,0.0001409354953856669,23.909888186583604
111.24062742073065,-1.9021826141230869,-0.5731054507258134,27.59731796170462,-1.3599492929599906,4.8986969724305265e-05,0.00014943433494276349,23.869058118154634
113.11810636454045,-2.34684867976225,-0.4123580670360334,28.442819143224654,-0.7054919181046664,4.815664835451173e-05,0.00016401670180525408,20.837661720781306
111.33944210198379,-1.852775273496513,-0.3983605868642619,27.63818589669694,-1.2899050462393111,5.011153496787341e-05,0.00015904485100445113,33.64505514302478
114.25447519895164,-2.000997295376234,-0.16330308593825635,28.869239378564203,-0.2999886568681693,5.6302885699852975e-05,0.0001921963560171548,39.84229533805615
114.8967706270971,-1.3092945266042026,-0.5807507626450796,28.44160446826328,0.06079919397095101,4.850571154991534e-05,0.00018087367561277985,22.045740366022404
114.40269722083136,-2.5444780422685445,-0.529634549890924,28.756573001249308,-0.5894535367871508,5.092682141100441e-05,0.00020258518988414346,24.46184048504078
114.05684583644535,-2.495070701641971,-0.524714063526169,28.35422020900404,-0.6350980378963329,4.65971114751548e-05,0.00018253429373502468,27.3779017502575
111.09240539885093,-1.6551459109902185,-0.5411306160228404,27.834999409428463,-1.2321416757724903,4.5780077235027766e-05,0.00013905665451395113,18.727288370457128
114.50151190208452,-3.0385514485342813,-0.31938672120360984,28.345021231380542,-0.9139865048137712,5.7091094938525357e-05,0.00020456577898253004,37.1492053193243
115.19321467085655,-0.9634431422181868,-0.5587088127295705,28.111276174474654,-0.10808357633190394,4.721015205224224e-05,0.00018046400697659023,20.38085070369739
114.40269722083136,-3.236180811040576,-0.3336680619628756,28.013773642646015,-1.1956456664167803,5.387723667110623e-05,0.00015648736351074136,32.60689466170705
114.45210456145793,-0.6669990984587447,-0.6011886496410217,28.014952148625866,0.25071498052573493,4.9331814437220876e-05,0.0001739476147309392,23.53107515005791
115.44025137398941,-1.1116651640979078,-0.7815125424382323,27.720331681804907,-0.33487740710929603,4.577690209854636e-05,0.00019146197007550975,14.572679332457536
113.66158711143275,-1.9515899547496605,-0.34044043668852014,28.509180181997806,-0.37342073152094707,4.7289924048657e-05,0.00018219402952401694,31.342753354945266
112.27818157388869,-1.1610725047244816,-0.6727675571315663,26.7591620975071,-0.7809848711814409,4.565515513847624e-05,0.00012119256358983115,17.41417248203446
114.30388253957821,-0.9634431422181868,-0.6449712246475156,27.847137116797228,0.10147648829000966,4.780894861467393e-05,0.00013526733890613314,16.804633162571168
113.80980913331248,0.32114771407272896,-0.8133294391649316,25.269081440678406,-0.1358606005892342,4.208985443088204e-05,9.051254007221815e-05,1.853428513440071
114.45210456145793,-2.198626657882529,-0.5366413313774596,29.039812295230945,-0.33407566135312305,4.994978489863434e-05,0.00016785970075194255,26.515150235464397
113.90862381456563,-1.5069238891104972,-0.11730955171224736,28.28482700395,-0.15738265161161072,5.36882960989751e-05,0.0002217625979142931,44.380671772832194
111.48766412386351,-2.34684867976225,-0.6186404839326032,28.029669910007158,-1.1681060011004225,4.665153908109117e-05,0.00016275710157394882,15.64880622539178
114.30388253957821,-1.1116651640979078,-0.31125747676350174,28.292859531920612,0.07419452696670721,4.9733946871756864e-05,0.00017435789234940136,32.32850456219804
111.8829228488761,-2.495070701641971,-0.4975749818167168,28.015476598857333,-1.3687956230140028,4.707813830504452e-05,0.00013302639259977304,26.798896317228124
114.8967706270971,-2.34684867976225,-0.28932066982970145,28.7813788943821,-0.08919960039633291,6.161848067415681e-05,0.00023083724392190355,37.50821558112994
112.12995955200897,-2.0998119766293817,-0.6454247546275418,28.125219316835796,-1.1666592418411634,4.572635007010404e-05,0.00015479650396696098,18.578915760289917
112.92047700203415,-1.40810920785735,-0.6735144318645451,27.886724067028695,-0.15936365686816933,4.6635765851751615e-05,0.00014370361839775397,17.32344686753462
113.61217977080618,-0.9634431422181868,-0.5628609883976847,27.79338699623389,0.3657670035774324,4.841978424969557e-05,0.0001768173572086571,20.07668110157658
112.12995955200897,-1.1610725047244816,-0.6106795141927404,26.614088312784872,-0.8370098699758081,4.694048689864834e-05,0.00010769109977481204,16.966815826765945
114.1556605176985,-0.5187770765790237,-0.6123171689304547,27.79927048388828,0.06570687264571955,4.7645349866692016e-05,0.00011736455217835666,16.85079293887174
113.9580311551922,0.22233303281958158,-0.7914890211706931,26.27346994376478,-0.15940208641099343,4.6094267488500055e-05,0.00014538531102124402,9.759622085297545
113.85921647393906,-0.3705550546993026,-0.5233875022702696,25.895308171966974,-0.012661514458832922,4.5806320193470155e-05,0.000117770193211533,24.557221170020494
114.20506785832507,-1.1610725047244816,-0.10068557766455642,28.381928662900634,0.03678901843082757,5.398243818700493e-05,0.00017924403032126086,39.78065069209594
111.93233018950268,-1.556331229737071,-0.78795811200251,26.53870009905023,-0.7354526446189409,4.687905103630423e-05,9.431905004908254e-05,7.3651093562082455
112.62403295827471,-1.5069238891104972,-0.7734284438741614,27.500951738710796,-0.3596667227921663,4.63928670102898e-05,0.00013284991188252938,16.066270009262198
113.71099445205932,-1.3587018672307762,-0.43980190553397513,28.321668125670726,-0.059695507273261936,4.75546727789977e-05,0.00017425974752921308,34.7376113207652
113.76040179268591,-1.3092945266042026,-0.4438886040635661,28.36375977786969,-0.012435458324573658,4.860233749324638e-05,0.0001241952530720525,23.698211927048646
113.51336508955303,-0.7658137797118921,-0.7426095955188184,27.490963071658314,0.22972642198021032,4.632739698315603e-05,0.00014344148749659258,12.395179472902665
112.22877423326211,-1.2598871859776288,-0.733301047455445,26.538082212283257,-0.7413820970205613,4.443445538123766e-05,0.00010431600979622469,13.409366078434493
111.73470082699639,-1.9515899547496605,-0.5881854253691136,27.873217966527136,-1.2606044036370738,4.486191803814455e-05,0.00014040685892552712,19.597124147333854
112.22877423326211,-1.2598871859776288,-0.733301047455445,26.538082212283257,-0.7413820970205613,4.443445538123766e-05,0.00010431600979622469,11.943813599854812
114.1556605176985,-0.32114771407272896,-0.7115708245723221,26.564416244883603,-0.14357363589016006,4.599459421235817e-05,0.00014630143056431849,13.627479379446553
114.30388253957821,-0.07411101093986053,-0.6816362802710946,25.803215916951558,-0.2693927126166261,4.721538876952063e-05,0.00014831517987761334,15.137702923771297
114.6991412645908,-0.07411101093986053,-0.6693399792146025,25.523198676403638,-0.03683897153830822,4.493918779904847e-05,9.85573725810362e-05,13.655788048653683
114.30388253957821,-1.1116651640979078,-0.31125747676350174,28.292859531920612,0.07419452696670721,4.9733946871756864e-05,0.00017435789234940136,33.620192618741605
114.40269722083136,-1.40810920785735,0.3041786463154413,28.22109123041605,0.01843175328808068,5.418356614489908e-05,0.00020383685426575857,63.29875189340775
114.05684583644535,-2.8903294266545605,-0.41061460101415925,27.867973464212355,-0.8420290696768113,4.810530567281829e-05,0.0001879256572025704,33.88379485713981
113.5627724301796,-1.9021826141230869,-0.5358780695833198,28.473921453216917,-0.32492114143607054,4.711571404329716e-05,0.00017527046911577337,23.145075905855144
114.30388253957821,-2.5938853828951185,-0.49407502053686553,28.521378171002425,-0.6312068583052834,4.999371833996701e-05,0.00019809245321702855,29.318007498190923
111.73470082699639,-2.7421074047748393,-0.4994027936720575,27.504234073780196,-1.5756392464225675,4.632524901957685e-05,8.96527922969342e-05,22.961909234270166
115.2920293521097,-1.1610725047244816,-0.549456835102316,27.9974463615888,-0.23464637774008298,4.940557699259399e-05,0.00013954149563075193,21.69482650402073
111.8829228488761,-1.0622578234713342,-0.6198571826801603,26.82383223639596,-0.9462650602246506,4.8442890685587135e-05,0.00010876981894439892,23.66221659502528
112.52521827702157,-1.852775273496513,-0.4773746091446541,28.154259994883603,-0.6761596276436324,4.998373947530663e-05,0.00017578281881344132,27.868396705366017
111.63588614574324,-2.198626657882529,-0.4349501894849278,27.983325388402136,-1.2334701323214876,4.4529948997528144e-05,0.00012872211803948192,24.50929258135433
114.30388253957821,0.02470367031328684,-0.8831896239707161,25.78227407667373,-0.2504755817813638,4.63264389057462e-05,0.00012357515457213302,5.43040114832132
111.83351550824953,-2.0504046360028076,-0.5953847962951493,28.035839735431352,-1.1951717020552837,4.684628537857906e-05,0.0001135863308319788,19.919175461138312
113.61217977080618,-0.1235183515664342,-0.7384197951813902,27.628528778641396,-0.1275982488820582,4.658640645415614e-05,0.0001454328693877803,14.072055186717815
112.0805522113824,-2.297441339135676,-0.5632101069324409,28.30160338319382,-1.2910601930853762,4.8292146025307844e-05,0.00016713484491895768,29.08622616342721
111.1418127394775,-2.0504046360028076,-0.5033866074663101,27.792295898625923,-1.261866550386688,5.2950686321372245e-05,0.00013560600906798213,30.152779804930198
114.00743849581877,-0.5187770765790237,-0.6516134650173567,26.69950136255335,0.10408065495667634,4.722655194010164e-05,0.00012005040268302683,19.657098333149612
114.50151190208452,-0.22233303281958158,-0.6626510841874601,25.890627302946882,-0.13323156774779893,4.505166229743948e-05,0.00012344805499709473,11.150304576720032
112.0805522113824,-2.6927000641482657,-0.4674353423928857,28.00304049739134,-1.618698418876271,4.884297072426178e-05,0.00011952166690012709,26.667980846447172
111.33944210198379,-2.34684867976225,-0.5217189732162959,27.742515323780253,-1.2672655243932467,4.953157270340681e-05,0.00015124284644551852,22.633736798866405
114.05684583644535,-1.5069238891104972,-0.32996317926204,28.23043488396536,-0.06729099338437304,4.87917112925115e-05,0.00017891261663823346,37.215885142307705
114.50151190208452,-1.556331229737071,-0.1471895545107708,28.494459406534816,-0.04137516463244403,5.4551828565972465e-05,0.0001643685206873395,39.61231290560886
114.1556605176985,-2.9891441079077077,-0.45696004718818284,27.942993959968533,-0.9578202962875366,5.090297382606294e-05,0.00015746763714324057,24.559409077557433
114.20506785832507,-2.7421074047748393,-0.5962745156031454,28.101386972121304,-0.6900658475028144,5.13582387405563e-05,0.0001803673489777985,25.570516515752864
114.35328988020478,-1.6057385703636446,-0.07648802705352445,28.413766408849654,-0.05858858573583907,5.4778867041191966e-05,0.00021593299114870795,45.61108950332687
112.42640359576842,-2.8903294266545605,-0.443788610486079,27.709167522854273,-1.7680024673909316,4.874209009885687e-05,8.60631532255367e-05,32.6487939934369
112.22877423326211,-1.6057385703636446,-0.791277646469524,26.177329776905196,-0.7384335715093732,4.68822424310125e-05,0.0001204102313127661,14.259253155361803
114.20506785832507,0.17292569219300788,-0.9313331805148459,26.34065985503031,-0.24744266198005202,4.3640456621664466e-05,0.00011329177202859941,4.27544224501044
113.9580311551922,-0.46936973595244996,-0.5816876015217064,26.69950136255335,0.10408065495667634,4.555438309434156e-05,0.00010565236221336957,19.231094609255237
114.30388253957821,-0.17292569219300788,-0.5331409277904322,25.619658335932968,-0.20876445740829278,4.4164853766379947e-05,9.963913324069457e-05,23.334426575766358
114.8967706270971,-1.852775273496513,-0.3901818627454522,28.7247382693821,-0.19734184094417248,5.076623418476195e-05,0.00018359512702700108,29.3454104077356
112.96988434266072,-0.6669990984587447,-0.9515352113108061,25.963088843263222,-0.13857704180258293,4.5299176833165306e-05,0.00011294957892404551,4.953183313843514
111.93233018950268,-2.6927000641482657,-0.5027226484369051,27.910414749899132,-1.7148943462489565,4.3367210229243654e-05,0.00010654833974821403,28.098238810835305
114.99558530835024,-1.2598871859776288,-0.5860499242854326,28.357315671002482,0.05026045699178436,4.790918745643654e-05,0.00016477665478104863,19.242003158257152
113.90862381456563,-0.8152211203384657,-0.6192011437799,27.73750290576328,0.35757020814919177,4.7539647560876056e-05,0.0001398037441638929,22.27673302966663
114.30388253957821,-2.9891441079077077,-0.5485938451847592,27.967007149590415,-0.946353222117012,5.204679321598038e-05,0.00015959762012125058,27.588556917707372
111.68529348636982,-1.3092945266042026,-0.6003699689849982,26.752265878371247,-0.6701276964611478,4.826335486529213e-05,0.00013409000725263202,18.511053777183758
111.1418127394775,-2.5444780422685445,-0.4268331604956235,27.637727756264837,-1.467518104447259,4.6933852713582605e-05,0.00012525914404096233,29.482329322333396
112.47581093639499,-1.7539605922433656,-0.5512554036655459,28.081590482923787,-0.5202946765923205,4.745550256566647e-05,0.00017954936672566845,24.585143373233898
111.29003476135722,-2.1492193172559553,-0.7205598662179112,27.54804073851784,-1.3332505564630766,4.716236594724771e-05,0.00013773932846044773,15.962439494084133
115.24262201148312,-1.9021826141230869,-0.6734855316583699,28.7568593390194,-0.5209231126455611,5.075311120523095e-05,0.0001838975785302209,23.051894968199676
112.03114487075582,-0.8646284609650394,-0.5183731309391485,26.837269013016396,-0.9411592056721816,4.928046401246612e-05,0.0001222600982491544,29.826412174688656
114.05684583644535,-0.07411101093986053,-0.6240068856004493,26.051220594806352,-0.25391314206299953,4.547309816279539e-05,0.00011962379319932179,18.64063651469538
112.52521827702157,-2.495070701641971,-0.2650448944553625,28.21728143103337,-1.3340734007917805,5.271551999573349e-05,0.00015808852817302547,39.3267203635755
111.98173753012925,-2.198626657882529,-0.6487273421862169,28.277406334582736,-1.206470741166009,4.709972996930843e-05,0.00015906250104055355,17.88857925483731
111.93233018950268,-2.840922086027987,-0.45706476889547515,27.94848863107194,-1.9482445584403147,4.5096414369467744e-05,0.0001294349946784135,26.27069304860694
111.24062742073065,-2.000997295376234,-0.2692138466681576,27.653476333618244,-1.3397978956316725,5.223389140467876e-05,0.0001448189498559741,42.20395450132
115.09439998960339,-1.6551459109902185,-0.5212669543184958,28.648482000091917,-0.35633013425049964,5.012063210398498e-05,0.00020352658514394557,23.133099821844404
111.93233018950268,-2.495070701641971,-0.6128004930163032,28.015476598857333,-1.3687956230140028,4.770521551356427e-05,0.00012909097653392864,31.75193034240326
113.71099445205932,-1.3092945266042026,-0.4325428392710994,28.145467918301904,0.02942184901531833,4.7756517417189675e-05,0.00016233520761074446,23.58270516557308
112.12995955200897,-3.0385514485342813,-0.1970016012903952,27.497961769574943,-2.0288998801031233,5.044376316774944e-05,0.00013822510930485113,42.46712451506058
114.8967706270971,-0.32114771407272896,-0.656806980212075,27.130626579567206,0.020007364543867687,4.700720901993193e-05,0.00013777134123728427,12.206067106263582
112.12995955200897,-2.0998119766293817,-0.6454247546275418,28.125219316835796,-1.1666592418411634,4.572635007010404e-05,0.00015479650396696098,16.91438918557821
110.89477603634464,-2.8903294266545605,-0.2961888747213377,27.533630413479273,-2.940702572280978,5.202190104519381e-05,0.0001202809380835711,36.93296891868158
113.36514306767332,-0.9634431422181868,-0.6115691198809919,27.25709745148083,0.4071375367082196,4.802877025376255e-05,0.0001308366614232446,18.192359968098938
113.11810636454045,-0.6669990984587447,-0.743868946014037,25.064395146311142,-0.09943240807380206,4.637514165158802e-05,0.00010080130446157708,15.522003281654328
114.50151190208452,0.27174037344615526,-0.9159043541745722,26.54911375163516,0.00527302571284917,4.5054324257673554e-05,0.00012050164266551636,3.446826819379677
114.60032658333766,-2.495070701641971,-0.18630218780233013,28.76072640595612,-0.5440283101282002,5.6792762882168354e-05,0.00023987820433757476,47.70064770425562
113.61217977080618,-2.791514745401413,-0.5083809182965096,28.103499843456177,-1.0140886821864565,4.82411993303086e-05,0.0001521976392685538,28.72471128884732
114.94617796772367,-0.5187770765790237,-0.624639935009936,27.44819927922009,0.03350517632048808,4.906571662624829e-05,0.00016290510409011988,12.302386847597298
112.92047700203415,-1.9515899547496605,-0.5813260442169645,28.555280562977714,-0.544145859318015,4.8744788128322234e-05,0.0001706545577420837,18.782176462093506
114.45210456145793,-2.939736767281134,-0.5255156465012457,28.41165956567835,-0.795244492130515,5.336170243903527e-05,0.00021923818997722082,30.736805612832246
113.36514306767332,-2.2480339985091025,-0.2718704843165337,28.80520822501478,-0.47612782908074647,4.523397850184644e-05,0.00017031063006997418,36.08883223853964
111.58647880511666,-2.8903294266545605,-0.40803400810854273,27.594918752599654,-3.6292853811640793,4.406406319164069e-05,0.00011192552085868478,33.86910253957588
112.72284763952786,-3.236180811040576,-0.29447770702974435,27.58503557840993,-2.6620635206316723,4.600416306177851e-05,0.00010225811576461196,41.29776408606905
111.68529348636982,-1.0622578234713342,-0.5590675286879644,26.69431111371074,-0.7951631119221816,4.870831833837785e-05,0.00012563724560605148,21.183595786444045
113.85921647393906,-3.3349954922937237,-0.47994738785801594,27.674825074937587,-2.5552866591347585,4.8986987512689664e-05,0.00014278481969831944,32.148761723983625
113.51336508955303,-0.27174037344615526,-0.6990539680083646,25.231797248934583,-0.2666589404329842,4.68680557539619e-05,0.00014125332782034393,14.684958634882376
113.71099445205932,-1.0622578234713342,-0.12353757669843687,27.86949858959815,0.24458509168507134,5.872266218609503e-05,0.0001832035428844307,48.62503561261159
114.20506785832507,0.5681844172055973,-0.49099656788401563,24.426760115446825,-0.03540426860620945,4.4643909655574186e-05,0.00010015569464712668,26.501852906469395
114.60032658333766,0.07411101093986053,-0.590995203929301,25.410505172352828,0.041237049632602274,4.501179283572686e-05,0.00010682771642852878,20.460335640092943
114.00743849581877,0.617591757832171,-0.9110378221935268,26.540571843841974,-0.12758091791176504,4.5309289189603704e-05,0.00010108909577595034,4.93960817318385
114.30388253957821,-0.5681844172055973,-0.4794101085613517,27.82428434866449,0.16316343972712388,4.907580938113688e-05,0.00016099939562879963,24.746827295903493
112.27818157388869,-1.8033679328699395,-0.4839360179509529,27.93249289901172,-0.8347689001648517,4.8343586925106194e-05,0.00015091099550497926,25.06348480996088
114.99558530835024,0.5681844172055973,-0.7273147018350427,26.01970535560889,-0.24884496353290703,4.4054669429727745e-05,0.00012505067678532212,11.514829041066232
112.42640359576842,-1.2104798453510552,-0.7318932699426502,27.052799973664435,-0.7130828830930922,4.587001496820758e-05,9.127816331195625e-05,11.198968383104324
114.74854860521738,-0.5681844172055973,-0.5179482673939585,28.20490561120306,0.16506231125490167,4.7381171040708336e-05,0.00015285609716047163,27.78442578665429
114.30388253957821,0.1235183515664342,-0.7396055631296511,25.91125266463672,-0.1820318124912403,4.713943031417406e-05,0.00014653617728453306,10.477125193712034
114.10625317707192,-2.2480339985091025,-0.15970673124212742,28.762275643996247,-0.4422442751166261,5.511638216988606e-05,0.00019261245558117282,42.42297974364797
115.68728807712228,-1.2104798453510552,-0.7504689596080022,27.483439923510105,-0.6969379539842957,4.464902994316116e-05,0.00012150935679020218,14.695610382142235
111.1418127394775,-1.704553251616792,-0.5462303096367255,27.834999409428463,-1.2321416757724903,4.4217225120399434e-05,0.00013249697707090223,25.051498317264468
114.6991412645908,0.617591757832171,-0.7379299151888004,23.26974453867217,-0.12338531605991315,4.235889177038809e-05,8.060730853785295e-05,10.216357231607594
112.52521827702157,-3.236180811040576,-0.3742900778917423,27.60586891174313,-2.400163172203818,4.7580004251405104e-05,8.570596089452284e-05,38.46464252799368
113.41455040829989,0.07411101093986053,-0.9530814397172461,24.861710202252482,-0.43043887026516003,4.448697261440654e-05,0.00011161216709213416,1.8912557239052448
114.60032658333766,-0.46936973595244996,-0.7723907434530968,27.576430374899076,0.15841927498946953,4.701236214239377e-05,0.00012634797783615275,9.794503513714279
113.2169210457936,-2.2480339985091025,-0.6151019281482016,28.58537918373389,-0.5384515052960243,4.662666743169909e-05,0.00013916983195249116,21.377895235650723
113.41455040829989,-3.1867734704140025,-0.5149927059991034,27.747594051596536,-3.656475412992783,4.746190911179729e-05,0.0001253023868854685,25.65365106246419
112.72284763952786,-1.3587018672307762,-0.6859073800776299,27.59141036139596,-0.24578717755682677,4.439748810241755e-05,0.00010977707375454891,18.834297566571593
113.90862381456563,0.17292569219300788,-0.7704141624326976,26.941700918880542,-0.10115495581685759,4.6323405035896516e-05,0.00011829698638483614,8.642487105109623
113.5627724301796,-1.5069238891104972,-0.5058980564229629,28.608774486588857,-0.12389243532110147,4.806740013666308e-05,0.00016544970953564505,21.295178472321393
112.57462561764814,-1.9515899547496605,-0.42277819094535973,28.471534300439146,-0.8408045989495737,4.95433134284471e-05,0.00018431661398699936,29.05685322094437
114.99558530835024,-2.2480339985091025,-0.5452116753178413,28.901890926596536,-0.20021426089016003,5.2472919821159725e-05,0.0002402355099322407,23.848332907668176
114.45210456145793,-1.8033679328699395,-0.2696770415080325,28.79134646286201,-0.1936202034538175,5.028329938437489e-05,0.00017766756091344978,37.300951280200486
114.1556605176985,0.617591757832171,-0.5903602481235877,24.426760115446825,-0.03540426860620945,4.4955928344284135e-05,0.000107417606698199,18.628633364431032
112.47581093639499,-2.0998119766293817,-0.42126820960670486,28.233162627985507,-1.0703472723195582,5.240834752866575e-05,0.00018487605172497199,30.286982794602476
114.20506785832507,-3.0879587891608553,-0.35360190088369575,27.83615078867217,-1.1717537935869193,4.983607894676839e-05,0.00013444429526880683,31.061399191926277
114.25447519895164,-2.297441339135676,-0.6104917463815028,28.843571458039435,-0.5127602256374595,4.8717134586394324e-05,0.00020363212425726,26.373989999952656
114.64973392396423,-0.27174037344615526,-0.8145383136047577,27.478954969806466,-0.007368786835376132,4.61131796076621e-05,0.00012241155685403538,7.729530272459453
114.05684583644535,0.07411101093986053,-0.7130949647897189,25.51112125067067,-0.22610296290597795,4.598435973635287e-05,0.0001280938911901654,14.996631447361974
111.78410816762296,-2.000997295376234,-0.5784458433053512,28.06346680911969,-1.1960887364399284,4.5591098137335665e-05,0.00012051398539321745,22.263230661824586
113.2169210457936,-1.4575165484839236,-0.7017895672319322,28.330565695115126,-0.12761784041369403,4.7587787431006044e-05,0.00012075321679473616,18.108988425003094
112.22877423326211,-1.1116651640979078,-0.6561156501776845,26.736044090176904,-0.9395074888511943,4.464756640510825e-05,0.00010931560115142004,17.270088840129112
114.40269722083136,0.22233303281958158,-0.6137188413116316,26.36388034114134,-0.04142715754332366,4.7910920263461396e-05,0.0001554942336082925,18.361457238822062
111.93233018950268,-1.1610725047244816,-0.6088724643612453,26.86356386255335,-0.8160024734190953,4.584438527221524e-05,0.0001248603229992581,22.73309890537417
114.30388253957821,-0.7164064390853184,-0.42053041497740046,27.969635428911374,0.23230572247210848,4.9631586183304255e-05,0.00016157207830854204,24.66152193829326
112.32758891451527,-0.7164064390853184,-0.48894193931067165,24.8280097537571,-0.5480498487566724,4.517530208912647e-05,8.909307927764785e-05,27.333361247900683
112.12995955200897,-1.2104798453510552,-0.6263402259669733,26.614088312784872,-0.8370098699758081,4.693104663794471e-05,8.018433174447457e-05,18.212343760885844
113.46395774892646,-1.2104798453510552,-0.5212694835656766,27.997705572622806,0.1408471781530498,5.184012170181497e-05,0.00013581907856128649,21.612501088366184
114.50151190208452,-1.6057385703636446,-0.13787992969272997,28.494459406534816,-0.04137516463244403,5.529580093968674e-05,0.00016828903856164762,40.681983091003275
114.40269722083136,-0.7164064390853184,-0.4616074400659779,27.99530937759971,0.24003156762064237,4.860365926014523e-05,0.00017006103408047184,22.808503539705892
113.90862381456563,-1.852775273496513,-0.3223517895194426,28.49138504310895,-0.32261461534617863,5.083163951800608e-05,0.00019980542629831463,32.99351449121973
112.0805522113824,-2.5938853828951185,-0.6759271041998218,28.106770122198327,-1.5133426969434014,4.77147011866012e-05,0.00013316179549948908,19.862042023652602
111.53707146449008,-1.7539605922433656,-0.4989808854108739,28.24000157956732,-1.159902423988154,4.8651179362678185e-05,0.0001566110599178973,20.165227693697958
114.25447519895164,-3.236180811040576,-0.46693453860281253,27.95306400722933,-1.3009282968662403,4.689561094177791e-05,0.00016462157302084594,27.20904478844691
111.19122008010407,-2.5938853828951185,-0.42397321289479317,27.35064550800098,-1.5368449997018885,4.603212326925428e-05,0.00011610077202781282,29.301944758073777
111.19122008010407,-2.000997295376234,-0.260650266375634,27.653476333618244,-1.3397978956316725,5.2498202675129986e-05,0.00015032203719644237,43.21326080418714
114.94617796772367,-2.0504046360028076,-0.30942633313982715,28.67199485213672,-0.19436242109463533,5.415995185536311e-05,0.0001925830308857708,37.053183262549
112.62403295827471,-2.1492193172559553,-0.38288000513175635,28.50506294627246,-0.9984697103500367,4.9811898994215884e-05,0.00017923737007914295,28.373524407976166
115.04499264897682,0.5187770765790237,-0.7263039755102602,26.819808437206177,-0.19210336679293785,4.3811834848863486e-05,0.0001102314452546623,12.109668960532106
111.73470082699639,-0.9634431422181868,-0.5974836122677706,26.930027380107447,-0.8236627622886943,4.8971071609024465e-05,9.941213466976564e-05,24.369806284606597
113.51336508955303,-0.22233303281958158,-0.7235851978199108,26.214574785585796,-0.2567418578230304,4.6975944319966295e-05,0.00014577365877718794,14.369305376897978
114.35328988020478,-1.852775273496513,-0.32581362958483817,28.844077823780196,-0.24922549135890998,5.3270508867111964e-05,0.00015108136762292352,34.96548634039554
114.20506785832507,-3.1867734704140025,-0.37754936821113466,27.78701824141143,-1.3823484417832927,4.839649463349989e-05,0.00015465809949917846,31.992243481226986
111.33944210198379,-2.7421074047748393,-0.5398299846915605,27.410137454374308,-1.7704619581316723,4.2310113127489106e-05,0.00010842964001914054,23.868008588736824
113.66158711143275,-1.3092945266042026,-0.35488337536441844,28.145467918301904,0.02942184901531833,5.204597813942835e-05,0.00014654762484270432,34.71373287018145
113.5627724301796,-1.1610725047244816,-0.3835661215012,28.045439585933025,0.15743367024409924,5.42664931643072e-05,0.0001684184088516287,29.20763132912643
114.40269722083136,-1.2104798453510552,-0.09491030069459237,28.35990476726016,0.06496842260713928,5.137877173864627e-05,0.00018290961708122272,40.82645545193832
114.40269722083136,-1.2104798453510552,-0.09491030069459237,28.35990476726016,0.06496842260713928,5.137877173864627e-05,0.00018290961708122272,44.49154095459588
113.80980913331248,-0.7164064390853184,-0.7297518241201303,27.733925190678292,0.3336836099624633,4.455150358913889e-05,9.881934698616115e-05,14.408836642162665
111.29003476135722,-1.556331229737071,-0.5874784170897197,27.096443877985394,-0.7401644079773513,4.488778448962362e-05,0.00013584257737943512,18.359916779823344
112.12995955200897,-2.3962560203888237,-0.5367302448617703,28.17218172520768,-1.3639919301609935,4.804169748384814e-05,0.0001467456987943707,20.431982790292608
114.6991412645908,-2.3962560203888237,-0.2854654044328074,28.63037942486045,-0.2637330205352218,6.018217192416387e-05,0.00024860967037902763,36.430888125567606
114.00743849581877,-1.6551459109902185,-0.3926908379866088,28.44019689206732,-0.16587256649394092,5.0102891623181485e-05,0.0001769459007585468,28.709186866247745
112.42640359576842,-2.34684867976225,-0.36563809456922924,28.204248541372806,-1.2398283378577526,5.092517513246821e-05,0.0001650904986597399,33.033525705488785
114.35328988020478,-0.7658137797118921,-0.45935458356065967,27.570266577638222,0.2122831771403183,4.795711471702908e-05,0.00017340026456951635,27.791558987514737
113.41455040829989,-1.852775273496513,-0.40744318560591486,28.89536543952096,-0.31910321006068476,5.130072230372344e-05,0.0001663070198852518,30.556818965134493
113.80980913331248,-2.34684867976225,-0.676824362296136,28.635792715755542,-0.5444992604079069,4.746292520779877e-05,0.0001691596694596795,15.704151122927843
111.09240539885093,-3.0385514485342813,-0.31103291710580006,27.515699640909872,-3.4624695174488016,4.686118618242231e-05,0.00010258711961797886,41.57532818235543
113.36514306767332,-1.1116651640979078,-0.6963325568282223,27.62444168373389,0.28072694643044177,4.861716571198904e-05,0.00013339832951333132,13.451933900216154
113.5627724301796,-2.5938853828951185,-0.6098660835283624,28.53376303307806,-0.9077481090286631,4.617648989519192e-05,0.00010889490870154517,18.836798000734163
114.79795594584395,0.6669990984587447,-0.794111003025486,23.475615367183025,-0.16969818980605517,4.2203121242945854e-05,5.776590496936293e-05,13.0625534142295
113.2169210457936,-1.9021826141230869,-0.36858828690621326,28.542151222699943,-0.3656752948407774,4.816883574033086e-05,0.00014711151815319256,30.38684598087154
113.85921647393906,-2.7421074047748393,-0.6176950094841361,28.22890975857956,-0.8465162839418575,4.731467636803573e-05,0.00017730398222912764,21.347760454247222
111.29003476135722,-1.9515899547496605,-0.5940020288820159,27.529504135508603,-1.3409839368160863,5.043602535806634e-05,0.00016427737324976118,21.972716852586927
111.73470082699639,-1.556331229737071,-0.8206507351675695,25.657834695886663,-0.8375335666868422,4.486811184618021e-05,0.00012217285543038173,11.726965799569951
113.46395774892646,-1.4575165484839236,-0.6063520019110821,28.57709347289284,-0.11705725134154898,4.920736601031071e-05,0.00013900163104917231,13.839361137716267
112.37699625514185,-1.8033679328699395,-0.5194759835526038,28.050904116218476,-0.6686123668411631,4.86395804482019e-05,0.0001473275755138454,19.024001917244156
114.60032658333766,-0.7658137797118921,-0.5047818119510785,27.74328391463672,0.19509763629348187,4.753503487295964e-05,0.0001235180279527173,20.479951074518745
111.98173753012925,-2.1492193172559553,-0.6360762516129694,28.118289942800345,-1.1315504636293578,4.767306818565476e-05,0.00013684085964505644,19.461630264584453
111.93233018950268,-2.3962560203888237,-0.48590294425198827,28.171132824744745,-1.3318429802670892,4.612006009586119e-05,0.00015547060179952251,27.75546875659707
114.25447519895164,0.17292569219300788,-0.8964078974480617,27.31236064110277,-0.1689009651725675,4.5317809973466783e-05,0.00014876238854883556,10.958345237275076
113.46395774892646,-1.6551459109902185,-0.5525463411510837,28.45541197694382,-0.22642094853483596,5.241131106991946e-05,0.00017705036398103064,22.643346186137492
115.09439998960339,-0.46936973595244996,-0.5444324308723495,27.82718088126478,-0.10058755491986686,4.824599376177107e-05,0.00013426467759076723,22.945699653241594
115.19321467085655,-0.46936973595244996,-0.5667031845708406,27.74766036139596,-0.1459035211139255,4.688795667603088e-05,0.00014285749302062463,21.451882745090717
114.20506785832507,-2.5444780422685445,-0.48214191712478854,28.36671357802402,-0.6455275144106076,4.930164738359129e-05,0.00017276761212270378,21.13911510499625
113.41455040829989,-1.9515899547496605,-0.5356503762904254,28.616562873934527,-0.3385048545437095,4.907813026168845e-05,0.0001577378294351436,28.105836532881128
112.87106966140757,-1.4575165484839236,-0.8394879447670516,27.907512189135105,-0.19431118170420328,4.479157084406743e-05,0.00012657197703890366,9.709776266948683
111.04299805822436,-3.0385514485342813,-0.301953963037088,27.48557389341761,-3.538966913282135,4.719524925858306e-05,9.549954969237054e-05,41.80746797443157
111.63588614574324,-2.000997295376234,-0.5560568856570915,27.93406926378799,-1.2979277784441723,4.6806388244770045e-05,0.00012539686087419705,23.916477502866236
113.01929168328729,-1.5069238891104972,-0.37376863251846126,28.310449713247863,-0.17640602882997486,4.979609637259156e-05,0.0001115302075778137,30.119625561408274
114.84736328647053,-2.0998119766293817,-0.43992570498576206,28.730953306033314,-0.12559840561431135,5.3739028022718316e-05,0.00019613858528941326,31.739952011421575
111.93233018950268,-1.3092945266042026,-0.5504439539977215,27.199061306611952,-0.7170931189148513,4.7037345156683525e-05,0.00013075820450359705,23.078205726206807
114.10625317707192,-1.6057385703636446,-0.30775635897819775,28.235335780956177,-0.10027182985235142,5.000171721081607e-05,0.00019975082963914073,30.756071272046306
114.30388253957821,-2.0504046360028076,-0.5438306477914102,29.105742320307968,-0.3219349399025058,5.2585727334982355e-05,0.0001977056908427562,24.07346512577014
112.47581093639499,-0.8646284609650394,-0.7754195857870221,27.14829512702096,-0.7632673448986476,4.352646296896214e-05,0.00014288425365132566,10.563065463447105
112.67344029890128,-2.0504046360028076,-0.47899138625749943,28.491656310470034,-0.9095196356008082,4.8154517798202305e-05,0.00020485542091721066,30.64581445916322
115.19321467085655,-0.8152211203384657,-0.4705359486302609,28.033395315099654,-0.14385243845574652,4.908848976615059e-05,0.00017486354460696948,21.983955378515528
114.55091924271109,0.3705550546993026,-0.8357916966458542,25.659332694536374,-0.046505885359681684,4.1877898244098025e-05,0.00010568803944663741,2.3628889468592247
112.96988434266072,-2.2480339985091025,-0.3333759187271687,28.485649245462355,-0.6687660850124594,4.9072387590755376e-05,0.0001539817718988338,33.53906760925918
115.6378807364957,-1.2104798453510552,-0.7214913851780013,27.580469244497806,-0.5838827601185551,4.5851720846165025e-05,0.0001483415790129222,13.000124863947223
113.61217977080618,-2.1492193172559553,-0.4992451491352004,28.615185438556523,-0.44810214307573115,4.9434983612139744e-05,0.00013036085076902426,25.40075673577248
111.93233018950268,-1.7539605922433656,-0.5652941177302601,27.497208249127425,-1.037139626196873,4.732760390224922e-05,0.00014104261811318737,17.562156239699547
114.05684583644535,-1.8033679328699395,-0.06658512880918795,28.629375735624365,-0.17204013135698104,5.072456194430993e-05,0.00017032187516564346,44.780556417194624
112.67344029890128,-2.34684867976225,-0.2121241817273692,28.28375399083268,-1.0880685662045892,5.57790290526277e-05,0.00020545728671622556,39.88355013032827
111.38884944261036,-1.3092945266042026,-0.684420841480651,26.609109049667552,-0.5223269212393113,4.4738582175581185e-05,8.654598086265522e-05,20.862279858113506
112.0805522113824,-2.297441339135676,-0.5632101069324409,28.30160338319382,-1.2910601930853762,4.8292146025307844e-05,0.00016713484491895768,25.347750341673063
113.61217977080618,-1.704553251616792,-0.3040433962107719,28.455833948394456,-0.22489733018992858,5.015945524602047e-05,0.0001899879940025953,30.27065919101446
111.8829228488761,-3.0385514485342813,-0.5521716656895396,27.72412942486045,-2.3364424690788175,4.360346328292628e-05,0.00010175951762490957,22.99145248598564
113.80980913331248,-1.556331229737071,-0.3521054233203251,28.406047345385048,-0.18811196898236687,5.021062660905033e-05,0.00018046372970823815,27.732321307105252
112.03114487075582,-3.433810173546871,-0.3591607527621715,27.42049986756882,-5.012163437443014,4.550747414440396e-05,8.706199994028991e-05,37.46249075426695
113.61217977080618,0.27174037344615526,-0.4219173910539837,23.999185486781755,-0.2176288719530459,4.347407182651068e-05,0.00011492590796373393,31.016449715714405
113.71099445205932,-0.46936973595244996,-0.6566311905796176,26.32012491579411,0.01961327334980906,4.7280567971840934e-05,0.0001342613184636914,18.292175977640373
111.73470082699639,-2.0504046360028076,-0.5630061418903194,27.848324665022517,-1.259896094416395,4.638746792069686e-05,0.00012200701516700517,21.31981589245737
113.90862381456563,-2.6927000641482657,-0.6529532565388432,28.22890975857956,-0.8465162839418575,5.0072167378626046e-05,0.00015209522993375434,19.692838268523577
114.50151190208452,-2.3962560203888237,-0.3952644221801814,28.84493985117217,-0.5214679079291261,5.202829505794131e-05,0.00020169719234282583,31.09846685525675
113.06869902391388,-2.939736767281134,-0.6139228559999258,27.60972392235277,-1.736170749605438,4.512413840198344e-05,0.0001048979945867453,23.16931703450291
114.25447519895164,-1.9021826141230869,-0.34550274919973717,28.80306822694382,-0.23688659403059215,5.104134206212238e-05,0.000180497039053591,30.879405766488496
112.87106966140757,-2.000997295376234,-0.4574706190104901,28.555280562977714,-0.544145859318015,4.83972026762673e-05,0.00013475137147155025,29.941395828379314
113.46395774892646,-1.1116651640979078,-0.6325168325519819,27.82226792794694,0.26274041334788006,5.14174376979427e-05,0.00014517653798000384,21.145978986779927
115.14380733022996,-1.1610725047244816,-0.5257077046391884,28.205523497969978,-0.003207093403663173,4.8450363401641284e-05,0.000166451084786749,19.86741227688194
113.31573572704674,-1.704553251616792,-0.47666035519476024,28.482785867761663,-0.222564430884373,5.049832580808192e-05,0.00020150730940196888,26.22480785663495
114.05684583644535,0.27174037344615526,-0.6396337110161525,23.875312753371304,-0.19901314929679592,4.237476568897779e-05,8.51985513940033e-05,10.531039502620931
113.61217977080618,-1.5069238891104972,-0.5533049240689818,28.608774486588857,-0.12389243532110147,4.853396774899764e-05,0.00016835099847343075,24.45999654121697
112.12995955200897,-2.3962560203888237,-0.5367302448617703,28.17218172520768,-1.3639919301609935,4.804169748384814e-05,0.0001467456987943707,26.058696066318234
113.46395774892646,-0.9140358015916131,-0.6771387049407708,27.511205644960796,0.3165191676881579,4.6980420766251635e-05,0.00014524538060257835,13.706476815020524
115.04499264897682,-1.0622578234713342,-0.4874666422821908,28.11509200202096,0.06215025613337386,5.095449114666441e-05,0.00017985565453609547,23.36953005342377
113.66158711143275,-2.643292723521692,-0.5237830143127835,28.480576545809583,-0.8890246329484165,4.601063145164177e-05,0.0001423158921093519,19.741315550237488
114.60032658333766,-2.791514745401413,-0.3958497185748375,28.778744586897574,-0.7258995123851448,5.966366389760838e-05,0.0002497568286641595,34.22395999716006
113.46395774892646,0.27174037344615526,-0.9245769787411489,25.48700256818603,-0.2122690810097589,4.253180205677903e-05,9.350925437427422e-05,5.774577698008116
113.01929168328729,-1.9021826141230869,-0.5978449814452697,28.614413833618187,-0.4225811590383082,4.562333489586581e-05,0.00013936564542376965,17.75469200450725
113.2169210457936,-0.32114771407272896,-0.5068489188336999,24.343755317028638,-0.5261382276629224,4.1173295430953715e-05,3.1805955016129056e-05,23.650862496239203
111.38884944261036,-1.5069238891104972,-0.5102112778983107,27.053041100207736,-0.5435046134171663,4.363475195463544e-05,0.00013083752222844692,25.99621120639728
112.52521827702157,-1.5069238891104972,-0.6014896679371244,27.419921163865126,-0.464678085880515,4.75500319704629e-05,0.00014913837880363198,21.08911766975261
113.90862381456563,0.46936973595244996,-0.9659923376272112,26.49734388280791,-0.17872988589016003,4.5144870404774027e-05,9.205438463194385e-05,1.1288387020392259
112.12995955200897,-1.1610725047244816,-0.6106795141927404,26.614088312784872,-0.8370098699758081,4.694048689864834e-05,0.00010769109977481204,22.978964255725973
113.51336508955303,-0.5681844172055973,-0.7808823947189734,26.463423406341917,0.037564390971336827,4.4926440743666e-05,0.00010327413468515282,6.523382099358193
111.48766412386351,-1.6551459109902185,-0.5845898255925677,27.349063115061085,-0.9334702830255766,4.79942801045379e-05,0.0001548650723597679,26.573976197236796
113.5627724301796,-2.791514745401413,-0.4657521226844809,28.103499843456177,-1.0140886821864565,4.673950157824652e-05,0.00013215245340551462,30.52343115364278
112.32758891451527,-3.236180811040576,-0.2096509352495848,27.554201521696882,-2.4100727196092957,4.754099662068191e-05,9.503034036262643e-05,39.33002682517079
113.41455040829989,-0.7658137797118921,-0.6861749708709595,27.458037242182968,0.1935438771306732,4.737911478721298e-05,0.0001232394174896693,13.219151348409302
113.9580311551922,-2.5938853828951185,-0.6668451304811247,28.257754521311085,-0.7180124138608391,4.899677885438208e-05,0.0001588881522926033,17.81628583031443
113.85921647393906,-0.6669990984587447,-0.6823992794765329,27.98065792601784,0.36449656810289544,4.667376208225882e-05,0.00012594478080903032,13.25685946544342
113.90862381456563,-1.3092945266042026,-0.13523404382572682,28.275911350014724,-0.04067213005489774,5.191466532450505e-05,0.00018856732946023633,42.82356883574213
113.66158711143275,-1.8033679328699395,-0.36511571987064834,28.433704559891396,-0.25633646382225883,4.848883896946018e-05,0.00016317271807444819,33.46427418203305
112.87106966140757,-2.791514745401413,0.04051161104189825,27.604970715369745,-1.353125411787151,5.9512472909182e-05,0.00014801858571795906,51.79892591776213
114.74854860521738,-0.4199623953258763,-0.6903518129788524,27.98193288261507,0.11718362201879054,4.7034554848446265e-05,0.00015795885927522534,11.898463857103565
112.87106966140757,-1.7539605922433656,-0.604266173611481,28.62886032763828,-0.38849038695111693,4.7522523800402775e-05,0.00016839241053929045,20.111601545374672
112.27818157388869,-3.28558815166715,-0.445739387229527,27.54030057648083,-3.0081208002420117,4.5870873474664546e-05,0.00010657806959809452,31.5060770761209
111.33944210198379,-2.000997295376234,-0.6007449585529214,27.529504135508603,-1.3409839368160863,4.750642426738366e-05,0.00013745450241442754,16.125827654625365
114.60032658333766,-1.9021826141230869,-0.6301063040224549,28.87826353944382,-0.14793425872002117,4.9329994005576425e-05,0.00015762593287327344,20.407809622682215
111.73470082699639,-2.000997295376234,-0.5932735864308826,27.873217966527136,-1.2606044036370738,4.560939321192668e-05,0.00012705667788554475,18.195553947044978
114.74854860521738,0.07411101093986053,-0.606464458793183,25.501997625091974,0.05261445486987078,4.2764015268083705e-05,8.474197322039755e-05,21.23867147863275
112.17936689263554,-2.34684867976225,-0.47014417616484777,28.052552818957622,-1.3131564266887712,4.980315390650335e-05,0.00019502684164754685,32.033586545009356
114.10625317707192,-1.5069238891104972,-0.4241442600228165,28.23043488396536,-0.06729099338437304,4.8917685573000855e-05,0.00013931956121689145,25.013595220181514
111.29003476135722,-1.8033679328699395,-0.5849843124004038,27.249951063556466,-1.1822299883689407,4.9284836315495844e-05,0.00016906499526031675,23.413853748798303
112.42640359576842,-3.236180811040576,-0.32565511636135963,27.388870093263165,-2.414851546287536,4.82172053427679e-05,9.569636259415808e-05,41.29663596926146
112.92047700203415,-2.000997295376234,-0.5561274719444023,28.555280562977714,-0.544145859318015,4.918444657413271e-05,0.00017099732896113426,25.479691961796046
111.09240539885093,-2.0998119766293817,-0.5590181859800549,27.792295898625923,-1.261866550386688,5.080695916626724e-05,0.00012540958141282546,26.008348347707113
113.2169210457936,-0.8646284609650394,-0.681333895150678,27.391854034235507,0.2986765570110745,4.541075032579101e-05,0.00011433318986430809,15.095055625375736
113.66158711143275,-3.236180811040576,-0.1909029096705722,27.774359097892898,-1.933159832601194,5.1827445049281116e-05,0.0001412316525703315,40.08523464572496
113.66158711143275,-0.617591757832171,-0.6754641085313287,27.29966231452096,0.1662453383575251,4.7843914784431815e-05,0.00012219230027800298,16.006796481889715
112.821662320781,-2.495070701641971,0.193113473378167,27.971820638209238,-1.1978519742871507,6.252793803350354e-05,0.00019444747060977098,62.35827821624492
114.00743849581877,-3.0385514485342813,-0.42558507420756203,27.92038834654261,-1.0048053102728762,4.9068908431374516e-05,0.00012579666841822386,29.667728721369716
113.31573572704674,-0.7658137797118921,-0.7326052296902643,26.916382631843476,0.18967756371439237,4.6343039082034e-05,0.00013188731518736264,12.800865477924765
114.8967706270971,0.4199623953258763,-0.7066622976592508,26.876762526712355,-0.10902773745266006,4.512458554740492e-05,0.0001327203803662237,13.806325008341757
114.30388253957821,-2.1492193172559553,-0.3583184733551383,29.105742320307968,-0.3219349399025058,5.5306617364659254e-05,0.00018466859645722926,33.77353244364674
113.80980913331248,-3.433810173546871,-0.3723101071995597,27.729054434505542,-4.0696834208052834,4.918910298973064e-05,0.00012817071234135665,33.92787771276221
113.41455040829989,-1.7539605922433656,-0.42638744224305936,28.802206199551847,-0.2736312651339872,5.15874417888374e-05,0.00013680416712373564,31.855653592917577
114.00743849581877,0.32114771407272896,-0.7610372142815526,25.53495058130335,-0.17648816255875574,4.410531538927275e-05,0.00010839903019544111,10.045786613130046
114.94617796772367,-1.6057385703636446,-0.5102176448180131,28.650995744304907,-0.0862405255988792,5.197238829572037e-05,0.0001630922672162806,21.510398426128187
112.32758891451527,-3.236180811040576,-0.2096509352495848,27.554201521696882,-2.4100727196092957,4.754099662068191e-05,9.503034036262643e-05,39.35854619427888
114.30388253957821,0.4199623953258763,-0.6714122460547454,24.634984941835796,-0.10799013979641005,4.0173068507066844e-05,5.7343247155574974e-05,17.586777168385844
113.01929168328729,-2.34684867976225,-0.16280061436132523,28.35184511255335,-0.7838806502613019,5.0871551390473314e-05,0.00016514787982481596,45.95121114506688
112.52521827702157,-1.6551459109902185,-0.585807068705215,27.753046525554907,-0.48485660994494395,4.798181374562595e-05,0.00013960017731351766,20.16206696844421
111.8829228488761,-3.433810173546871,-0.2482302724074852,27.41936355873389,-5.073391494927583,4.522568861621081e-05,5.454997979818637e-05,43.375438898782484
114.84736328647053,0.46936973595244996,-0.771993184265041,26.830134681419054,-0.11446061987935761,4.491262728365669e-05,0.00010597924692200236,11.842870054939695
112.87106966140757,-2.939736767281134,-0.027055570872315086,27.42428555429717,-1.6197503334210241,6.239855597550707e-05,0.0001667630307486392,53.70665848597421
113.31573572704674,-2.791514745401413,-0.4232311847244526,27.707648425632044,-1.0539702589129225,4.5223677303268176e-05,9.525876918093546e-05,33.39168890814304
112.47581093639499,-1.704553251616792,-0.5091142791356817,27.753046525554907,-0.48485660994494395,4.718829212080267e-05,0.00014917216202399252,26.082763861902734
115.04499264897682,0.46936973595244996,-0.6497873234682091,26.819808437206177,-0.19210336679293785,4.4445253162061036e-05,0.00012950357319958626,9.416469362768087
113.61217977080618,-0.22233303281958158,-0.7785373891440477,27.066031792723095,-0.12631425003946564,4.595389234277885e-05,0.00014102880088094386,10.229068326079307
111.73470082699639,-1.1610725047244816,-0.5681290956620928,26.761751193764837,-0.7402947670147741,4.771680972258505e-05,0.00010807471405482121,20.91557882221376
112.0805522113824,-3.236180811040576,-0.4234778595143983,27.417304940871304,-2.4614281521903147,4.67700316565197e-05,9.734304527145373e-05,32.967946548148156
114.30388253957821,-2.0504046360028076,-0.5438306477914102,29.105742320307968,-0.3219349399025058,5.2585727334982355e-05,0.0001977056908427562,25.34549955309082
111.8829228488761,-2.8903294266545605,-0.5792280790626765,27.780956922931466,-2.11312914924857,4.501414744232657e-05,9.487485593134194e-05,20.22235663359107
114.60032658333766,-1.6551459109902185,-0.2675434943217142,28.772773690871304,-0.09245480872966626,5.068852839165334e-05,0.0001704472581988036,36.472175450238346
114.05684583644535,-0.5681844172055973,-0.5928546632314892,27.53592714380335,0.19892853424872883,4.748085183173773e-05,0.00013163517644166942,16.916787972364943
111.78410816762296,-2.000997295376234,-0.5784458433053512,28.06346680911969,-1.1960887364399284,4.5591098137335665e-05,0.00012051398539321745,22.399457890594743
113.90862381456563,-2.5444780422685445,-0.7151038074034959,28.45873952324007,-0.6865175197153917,4.726678029822532e-05,0.0001800580621246713,14.237397429655424
114.40269722083136,-1.8033679328699395,-0.4266833646266513,28.766209020732333,-0.20280260362742866,5.006647897434962e-05,0.00016334803177644544,36.40650338390698
114.25447519895164,-0.5681844172055973,-0.449707514239594,27.82428434866449,0.16316343972712388,4.9066449593254974e-05,0.0001544066261489361,25.614001280020922
111.09240539885093,-2.2480339985091025,-0.4675555595435966,27.87103577131103,-1.3018136833920888,4.6249853245695436e-05,0.00015570020956029513,25.20867725183077
114.6991412645908,-2.0504046360028076,-0.6324118551962153,28.848137791951444,-0.1300170495186323,5.0255190601006494e-05,0.0001632142348567547,22.990210326744617
113.16751370516702,-2.8903294266545605,-0.2792401053419921,27.728364209775577,-1.5172481934229536,4.609726337612817e-05,8.886606752565889e-05,33.78369889739095
113.71099445205932,-2.9891441079077077,-0.47518352534559044,27.818204945693765,-1.1409400819260396,4.7307244922502804e-05,0.00010472105056503907,22.034929330019686
114.10625317707192,-1.0128504828447604,-0.38281081537070083,27.98612245630335,0.12219227243352819,5.175047210573876e-05,0.0001797647038174183,33.50685398083785
114.55091924271109,-2.5938853828951185,-0.10529933024152202,28.59381559866455,-0.5994761122597588,5.571247447294659e-05,0.0002074079610751077,45.30889759754304
113.26632838642017,-1.852775273496513,-0.24262222164849925,28.572298068764837,-0.32432510676207366,4.951713390518971e-05,0.00015490803027953313,33.21209171052261
114.30388253957821,-2.0504046360028076,-0.5438306477914102,29.105742320307968,-0.3219349399025058,5.2585727334982355e-05,0.0001977056908427562,22.718142355525373
111.43825678323694,-1.9515899547496605,-0.49402020382222483,27.98325003635739,-1.2993232983129996,4.602699051648911e-05,0.00013392527214481074,22.330386476443984
113.85921647393906,-2.34684867976225,-0.7213259158405397,28.49304580217523,-0.5685614288589101,4.720827124121639e-05,0.0001662070132379028,15.080333581945105
115.78610275837542,-1.1610725047244816,-0.7020748677755022,27.070323845192263,-0.8284415889669349,4.467402790547904e-05,0.00011130334727762423,12.97912679342988
113.31573572704674,-1.4575165484839236,-0.522980257111022,28.32953487914284,-0.1080880974545891,4.853974730433806e-05,0.0001347808908389423,23.93855680877989
113.51336508955303,-0.9634431422181868,-0.6524139619920823,27.53701824141143,0.3825403687394695,4.819978053687957e-05,0.0001470873190149883,19.29625883355778
113.06869902391388,-1.7539605922433656,-0.48782339047462747,28.68101901301634,-0.34768198007418794,4.909667359596745e-05,0.0001639597477638177,20.96701930680541
112.12995955200897,-1.4575165484839236,-0.6696682872491215,25.820007366604273,-0.6787163225221046,4.60727977196815e-05,0.0001211719755613437,18.944575848509533
112.42640359576842,-3.236180811040576,-0.32565511636135963,27.388870093263165,-2.414851546287536,4.82172053427679e-05,9.569636259415808e-05,34.00260014584842
113.41455040829989,-1.852775273496513,-0.40744318560591486,28.89536543952096,-0.31910321006068476,5.130072230372344e-05,0.0001663070198852518,21.309835547367314
111.93233018950268,-3.433810173546871,-0.3121257321623872,27.41936355873389,-5.073391494927583,4.3155643571362796e-05,3.8584686914260324e-05,40.801672000325965
112.62403295827471,-3.3349954922937237,-0.30617414787723146,27.578335274590472,-3.3911917577555153,4.55985397081426e-05,6.792887533099369e-05,41.675875022528935
113.06869902391388,-2.2480339985091025,-0.5238962706243163,28.511690912128984,-0.5910638099835241,4.8005513046291654e-05,0.0001670150211597001,21.465035906526964
113.41455040829989,-2.840922086027987,-0.43814041772710194,27.928164677561085,-1.067486908700731,4.66892847723145e-05,0.0001358893404611672,24.860751143051626
114.55091924271109,-0.3705550546993026,-0.6383413550281236,27.160019905184583,0.07461649841732451,4.46608967542126e-05,0.00010718248381779986,18.903338600403178
114.79795594584395,-0.3705550546993026,-0.6993697035435715,27.84420742929717,0.10982097372596647,4.7108588577754904e-05,0.00016254084846449175,15.840276459840153
113.85921647393906,-2.939736767281134,-0.38871471011234193,27.900950533078117,-0.9099348253673978,5.2554717754373296e-05,0.00016120294935301414,34.93903861911946
111.98173753012925,-2.5444780422685445,-0.5509575065570356,28.196966519767898,-1.405918561382058,4.933961367912587e-05,0.00013927330169925014,27.518548042703642
113.16751370516702,-2.7421074047748393,-0.4303749587661363,28.04280226436657,-0.9148342153172434,4.674352080021346e-05,9.883691993899164e-05,31.392399101203186
113.01929168328729,-0.8646284609650394,-0.7214210475996609,27.483126459003984,0.20124259554309615,4.490348120118498e-05,0.00010605948556380036,10.444790169916256
112.87106966140757,-2.198626657882529,-0.39095123626775485,28.496933967684583,-0.7871290769106077,4.988316451936476e-05,0.00015805645077877575,28.151406655641782
113.46395774892646,-0.17292569219300788,-0.8094818947893775,26.214574785585796,-0.2567418578230304,4.777082763090471e-05,0.00014889442604662737,8.696867748544634
114.55091924271109,-0.32114771407272896,-0.6312221179466265,27.478954969806466,-0.007368786835376132,4.657669986300313e-05,0.0001235209883043009,15.939492330457762
114.50151190208452,-0.9634431422181868,-0.6948068426764384,27.850618381264724,0.12410546084980906,4.9926331882049027e-05,0.0001605779100840716,14.498409432387948
112.0805522113824,-1.2104798453510552,-0.6017170309395466,26.614088312784872,-0.8370098699758081,4.61285785606619e-05,0.0001101080464275089,19.486762725877096
113.16751370516702,-1.6057385703636446,-0.4432030257540522,28.4838799794515,-0.18537668975782984,5.057454272420767e-05,0.00018167902340031396,29.7046516376928
113.06869902391388,-1.4575165484839236,-0.4285431236572471,28.415252351172228,-0.14930943353676498,5.0757999852994285e-05,0.00011189251237645153,31.145860207750385
113.9580311551922,-0.4199623953258763,-0.6488388324374933,26.304147268224654,-0.007947490539079833,4.546016650357826e-05,9.233680702919254e-05,17.700105391524666
115.48965871461598,-1.1116651640979078,-0.7774007331107066,27.941001651905196,-0.44826716405374034,4.6485250587656365e-05,0.00016391270138417188,10.11521095769268
113.76040179268591,-2.5938853828951185,-0.6573753760876299,28.33113234249157,-0.8331563664071354,4.6715546402684474e-05,0.00012711335610816462,20.792440695791136
112.72284763952786,-3.1867734704140025,-0.32985700335329166,27.58503557840993,-2.6620635206316723,4.606143296017504e-05,0.00010038742493557135,34.5358322727577
114.10625317707192,-0.02470367031328684,-0.6052252864974118,25.75687139534665,-0.2392300426224132,4.290529576157325e-05,0.0001299011512666825,18.63711321533009
112.62403295827471,-2.1492193172559553,-0.38288000513175635,28.50506294627246,-0.9984697103500367,4.9811898994215884e-05,0.00017923737007914295,29.887316435832048
112.47581093639499,-2.5938853828951185,-0.3993467419605837,28.062206922931466,-1.4243474109673202,4.8030274266295384e-05,9.989962537451784e-05,35.66675227186483
114.20506785832507,-2.000997295376234,0.3063727642203614,28.796114740253984,-0.28280236250088536,6.249939069775354e-05,0.00017647428417389416,60.225366323632564
111.83351550824953,-1.6551459109902185,-0.7033815545249842,27.01654961197471,-0.966158753559913,4.503179638099336e-05,0.00012613889925235547,17.41477354415464
114.35328988020478,-3.3349954922937237,-0.44514905910772373,27.916925166565704,-1.6854716333342186,5.107632477542596e-05,0.00016779999789659413,32.17427346621329
113.51336508955303,-1.40810920785735,-0.6409633835618175,28.305675407692263,-0.0489035874237249,5.1627279630635716e-05,0.00015596795194169284,21.969699734426893
112.37699625514185,-2.000997295376234,-0.6686743872910564,27.828880823394456,-1.0222802029715645,5.00398533230688e-05,0.0001682359304388901,16.339555016026807
111.38884944261036,-1.9515899547496605,-0.5104142304215192,27.98325003635739,-1.2993232983129996,4.706521166212278e-05,0.0001335509467959498,22.583389189567466
113.66158711143275,-3.236180811040576,-0.1909029096705722,27.774359097892898,-1.933159832601194,5.1827445049281116e-05,0.0001412316525703315,40.83664826627144
113.80980913331248,-2.643292723521692,-0.6492799550459032,28.33113234249157,-0.8331563664071354,4.8631308499880524e-05,0.000130275349255286,17.75090781179837
114.94617796772367,-0.3705550546993026,-0.6988435201517735,27.260268265524076,0.035472618208991155,4.62936123178541e-05,0.00016721158474270617,17.498006958556047
114.1556605176985,-1.852775273496513,-0.003317709708027842,28.77108580506882,-0.21189608838823107,5.321422069206547e-05,0.0002146889257046551,49.216181021198906
112.62403295827471,-1.2598871859776288,-0.6292812893317774,27.371240728872806,-0.40025736225975883,4.589945133615883e-05,0.00011260864895538288,14.161489851361356
111.98173753012925,-2.8903294266545605,-0.3406734965670227,27.664462661743187,-1.8294158909055924,4.5848479394686876e-05,0.00013113525066560275,34.927355401821316
111.73470082699639,-2.3962560203888237,-0.5022313459499498,28.059066249706177,-1.115963139651734,4.554141242989076e-05,0.00013601029849482344,23.098546697727045
115.19321467085655,-0.8152211203384657,-0.4705359486302609,28.033395315099654,-0.14385243845574652,4.908848976615059e-05,0.00017486354460696948,22.735111839136753
113.31573572704674,-2.0504046360028076,-0.04246220831956596,28.68659506432806,-0.3728254503673977,5.089660447602848e-05,0.00016451269366355695,46.51612999385902
112.67344029890128,-1.852775273496513,-0.6176332725703658,28.250713626249365,-0.6000615976474903,4.781328835295904e-05,0.00014771575820868283,17.059195369085273
111.68529348636982,-1.9515899547496605,-0.5924160104073682,27.873217966527136,-1.2606044036370738,4.447630715729938e-05,0.00014996496610918488,20.61335207890658
114.74854860521738,-1.7539605922433656,-0.5539380956217095,28.85463615229105,-0.041686368577274265,5.011471329369493e-05,0.0001886820342792501,23.27948139293485
112.03114487075582,-1.852775273496513,-0.5857239968693693,27.775959575323384,-1.0507444378770427,4.660959546314352e-05,0.00010504348972513877,18.502021016189623
112.96988434266072,-1.40810920785735,-0.6420404053688077,27.905128050439203,-0.137309620409836,4.659234208866353e-05,0.00013371247201111124,12.978097883390918
112.77225498015443,-0.617591757832171,-0.7760856211473085,24.877582356959238,-0.31385870774586994,4.436248259098125e-05,0.00011400020073720978,16.032618393029615
111.83351550824953,-2.5444780422685445,-0.5596008369384324,27.875987907692206,-1.2598576648735704,4.805220799551703e-05,0.000149164225858104,27.398573686913736
112.52521827702157,-2.297441339135676,-0.3737143355539808,28.330526512051847,-1.1949215332667034,4.934292372478019e-05,0.00018117062513375563,25.618369991732386
111.58647880511666,-2.7421074047748393,-0.31929045796350647,27.49314526687442,-1.6202830723774284,4.659950288448555e-05,0.00010850897206546377,31.478935700122623
111.04299805822436,-2.8903294266545605,-0.320094934781829,27.392887864289435,-2.8093903314920117,5.102654081115755e-05,0.00012588577134806702,40.69378394104712
113.16751370516702,-2.0504046360028076,-0.29823583152617444,28.61309969395768,-0.4327521780390799,4.596679157294496e-05,0.00011944866491571633,34.36752658161928
111.78410816762296,-1.40810920785735,-0.7785214837027038,26.237038737167552,-0.663090569001657,4.571777590534419e-05,9.931957940300987e-05,16.344717744527966
114.20506785832507,-2.6927000641482657,-0.5747474139302265,28.101386972121304,-0.6900658475028144,5.047538345290958e-05,0.00017719130050355928,27.320937381335725
112.27818157388869,-2.791514745401413,-0.4754932705720198,27.624260838826558,-1.7353908559422433,5.351969214541933e-05,0.00013426898207920482,24.94683574798927
112.17936689263554,-2.7421074047748393,-0.42030831216444925,28.025034252213914,-1.6909210932107617,5.442658539574906e-05,0.00017683204305436745,34.873177098282625
111.93233018950268,-3.0879587891608553,-0.52426396429339,27.63097621305485,-2.5523313519395425,4.6897236823422765e-05,0.00011679507816907012,25.016741065807626
114.40269722083136,-0.8152211203384657,-0.5521360093344861,27.570266577638222,0.2122831771403183,4.787798846800989e-05,0.00014244795747759344,20.9964919774948
114.6991412645908,-1.9021826141230869,-0.6240334119871439,28.74756089669694,-0.07007223735620946,5.123207768171111e-05,0.00016897565663073546,15.357320489339827
114.35328988020478,-0.7658137797118921,-0.45935458356065967,27.570266577638222,0.2122831771403183,4.795711471702908e-05,0.00017340026456951635,26.547463907034967
114.60032658333766,0.3705550546993026,-0.7987778103912344,25.659332694536374,-0.046505885359681684,4.069908824655504e-05,8.605428611103196e-05,5.6032553620094205
114.64973392396423,-0.46936973595244996,-0.7944904543025243,27.576430374899076,0.15841927498946953,4.752936730116627e-05,0.00015622818659898364,6.890160879925796
114.74854860521738,0.1235183515664342,-0.5516231110950739,25.501997625091974,0.05261445486987078,4.424336332492395e-05,0.00010829802371614594,18.5815619976216
111.33944210198379,-1.704553251616792,-0.6439751631116847,27.201538881843533,-0.9526315544858391,4.638248368734135e-05,0.00013967949716870361,19.37238714450744
113.66158711143275,-2.6927000641482657,-0.5790040239066286,28.2157382211567,-0.9599746112470275,4.732547929539983e-05,0.00015639457944660977,18.34036460993339
114.64973392396423,-1.3092945266042026,-0.3154753017001852,28.241035409621304,0.0570994085735745,4.9137476224031625e-05,0.0001860599836094515,34.9616579401607
114.84736328647053,-1.852775273496513,-0.41212026374833866,28.72808390016911,-0.08549227979448105,5.2805292124918764e-05,0.00017905743306456784,27.563201499581407
111.83351550824953,-3.0385514485342813,-0.5083799675340568,27.56780105873395,-2.9423007891501918,4.520693162585637e-05,9.654830123175297e-05,32.28354386065185
111.1418127394775,-1.4575165484839236,-0.6933051146749898,26.430343858695323,-1.0680897250587558,4.458618997334005e-05,0.00013705666107143637,16.13780576648092
115.2920293521097,-1.3587018672307762,-0.6893474495490645,27.99203909885739,-0.41109147925435763,4.712600384256752e-05,0.00012521815752210576,15.097374870718289
114.1556605176985,0.5681844172055973,-0.6176770959074164,24.426760115446825,-0.03540426860620945,4.364572985408615e-05,0.00011389947277252473,16.078926741107157
115.04499264897682,-0.8646284609650394,-0.6595285974997109,28.220608977329675,0.013705673041167075,4.955189925543529e-05,0.00017068945451394186,15.068176573054602
113.76040179268591,-0.8646284609650394,-0.6220123916309939,27.649127013594978,0.36271599928538006,4.919654513841425e-05,0.00018754909267679928,18.677775942268088
111.78410816762296,-2.5938853828951185,-0.6721952542562548,27.77992912104105,-1.300936585591163,4.7287769945114124e-05,0.0001129632478290111,14.58369943599122
112.32758891451527,-2.1492193172559553,-0.6025670217770046,27.96222380178949,-1.1772047605043578,4.855003196618231e-05,0.0001518502648763135,25.50338501715239
114.05684583644535,-3.236180811040576,-0.569691578523978,27.630632607730888,-1.4334461703712558,4.926315878721805e-05,0.00013778506672904088,25.196090266209506
113.76040179268591,-2.4456633610153973,-0.6538440802230262,28.54875206182038,-0.6182598699758083,4.6034781323356586e-05,0.00015623745136796437,14.879122480794813
114.25447519895164,-2.4456633610153973,-0.6137388552689417,28.706858736203003,-0.5958501718662403,4.832366191739986e-05,0.00016708227309852552,18.257832010476307
114.6991412645908,-1.0622578234713342,-0.2870026091688055,28.253727708039605,0.08084886603885227,5.166048682431801e-05,0.0001671986703392687,28.16315068915918
111.83351550824953,-1.6551459109902185,-0.7033815545249842,27.01654961197471,-0.966158753559913,4.503179638099336e-05,0.00012613889925235547,15.944385726401268
112.87106966140757,-2.0998119766293817,-0.5284763949498097,28.461021183155196,-0.6865446464515027,4.7276523621011946e-05,0.00017080119265766062,27.06856194445409
112.87106966140757,-0.617591757832171,-0.9906542071444914,25.701822205531812,-0.3276534065788174,4.4364826164621053e-05,0.0001050810539083288,3.876185850378733
111.83351550824953,-2.3962560203888237,-0.4114676368586753,28.183415208039435,-1.2235070849642344,4.642331821725855e-05,0.00012611763897733895,28.39709773019399
112.03114487075582,-2.9891441079077077,-0.3123289207419894,27.604874264752425,-2.030328554871642,4.6382890826386064e-05,0.00013622683489370696,35.41843938478204
111.29003476135722,-2.939736767281134,-0.46011548938100727,27.419369586897574,-3.7515297568874595,4.697219081831176e-05,0.00010977030700351743,32.53072379585984
114.05684583644535,-0.9140358015916131,-0.39709540305319824,27.718487063749365,0.18441045578615164,5.072858411986197e-05,0.00016663403186174686,22.13629025776295
113.5627724301796,-0.1235183515664342,-0.7729241222818795,27.628528778641396,-0.1275982488820582,4.606774471459348e-05,0.0001580225112300798,11.366135244432858
112.47581093639499,-1.40810920785735,-0.7260917673412994,27.236282202638222,-0.5073085051995737,4.589726453753454e-05,0.00011082336734715261,12.454738468189104
112.67344029890128,-0.8152211203384657,-0.6439251054239679,25.952150740446882,-0.3863745015344502,4.2783471777083335e-05,7.418282559337114e-05,22.312527609918334
114.94617796772367,-1.40810920785735,-0.5373813298621186,28.50842063338672,0.048406796690858435,5.040568661633662e-05,0.00017697294847815288,20.71260833761465
111.78410816762296,-1.5069238891104972,-0.7450878727511269,25.357598994690704,-0.6757564942042033,4.5253105221403214e-05,0.0001217071693118593,11.986312103392015
113.5627724301796,-1.2104798453510552,-0.30531638850530834,28.045439585933025,0.15743367024409924,5.9623977573268776e-05,0.0001945901146310985,37.92299420031591
114.60032658333766,-0.46936973595244996,-0.7723907434530968,27.576430374899076,0.15841927498946953,4.701236214239377e-05,0.00012634797783615275,11.673006954359408
113.16751370516702,-0.5187770765790237,-0.5701194905668401,27.030173261665993,-0.3776796290903916,4.533095423820229e-05,0.00014187280953745034,19.790453755647892
112.72284763952786,-2.5444780422685445,-0.07316923251589497,28.179732000091974,-1.2492172026339874,5.843633058529661e-05,0.00021843837486615596,50.02191185703102
115.04499264897682,-0.8646284609650394,-0.6595285974997109,28.220608977329675,0.013705673041167075,4.955189925543529e-05,0.00017068945451394186,18.89471444350732
113.90862381456563,-1.40810920785735,-0.18812383497090937,28.229572856573384,-0.10322638352711995,5.352340490097166e-05,0.00016986547106968164,43.704108392895705
111.43825678323694,-2.5938853828951185,-0.5953398545313746,27.415725562013222,-1.4944609815691723,4.670169783187326e-05,0.00013426743478592483,20.479559159479003
113.5627724301796,-1.3092945266042026,-0.37040322780040086,28.107216206303406,0.056119078471336827,6.109703010231492e-05,0.0001830816204080996,34.301144968892004
115.24262201148312,-1.1116651640979078,-0.5089473322738967,28.020757270153638,-0.1039934673427064,5.0774833776694265e-05,0.00015514466428657737,24.68446009232382
112.32758891451527,-3.1867734704140025,-0.14919348232040822,27.554201521696882,-2.4100727196092957,5.071633154436659e-05,9.447563442377067e-05,49.243027916626055
114.45210456145793,-1.1116651640979078,-0.39384959211485016,28.12661785078643,0.09726732307010229,5.1144901997276394e-05,0.00017086077900817272,32.12019183121042
114.64973392396423,-2.0504046360028076,-0.6101741541965419,28.75549094588672,-0.19027607970767552,4.8391486934474395e-05,0.00015569416896063547,22.10719749931227
114.20506785832507,-1.5069238891104972,-0.31111949943360107,28.171814007229273,-0.03279407377596254,5.154165592933596e-05,0.00016671708248083904,33.7544337160925
113.66158711143275,-0.7164064390853184,-0.5336177022232569,27.494631209196882,0.29728405122403745,4.5126855008294255e-05,0.00011109392121638089,16.3101816072724
113.85921647393906,-3.0879587891608553,-0.4045391382508152,27.77427470360277,-1.3160333677574443,4.8233085482425775e-05,0.00017166572090367225,33.332197305056816
113.85921647393906,-2.495070701641971,-0.7370104673581281,28.45873952324007,-0.6865175197153917,4.758292140439303e-05,0.00018495550846841277,15.27817848051891
110.94418337697121,-1.556331229737071,-0.7303711539097882,27.297926203409816,-1.3404142753577526,4.495997901472792e-05,0.00012550474962036816,12.3101826488695
113.76040179268591,0.46936973595244996,-0.8320763988214328,24.949757559505542,-0.2538144308843731,4.2434604642688606e-05,9.764352848443301e-05,4.760564222817935
113.90862381456563,-2.4456633610153973,-0.7581145297008308,28.4631551530627,-0.601355392255901,4.587542377678392e-05,0.00015457144715870966,8.184809208874658
114.35328988020478,0.3705550546993026,-0.9483103571506042,24.977571506264724,-0.08054843213823107,4.0960769603565386e-05,8.313672649363291e-05,1.6132811589484772
112.32758891451527,-2.297441339135676,-0.5395622437310079,28.034721511087298,-1.2836998053538946,4.899568989824413e-05,0.00017907166321325446,22.803833621976423
113.31573572704674,-0.617591757832171,-0.9484779727022382,26.235742681997806,-0.14192644019185763,4.558096280521369e-05,0.00010437333070897438,0.32132702106984734
111.53707146449008,-2.939736767281134,-0.38011839044815254,27.501647991604273,-3.882892483546411,4.5443223295755284e-05,8.626040979380393e-05,37.746777778321324
112.77225498015443,-1.6551459109902185,-0.6286798871596614,28.117346535199943,-0.3366421519974132,4.826890076492411e-05,0.00013401104199947854,19.337679367204412
112.12995955200897,-1.6057385703636446,-0.7442062889558048,25.815971511087298,-0.7199421797269657,4.389205198048438e-05,0.00010257973562876596,10.85606603044018
113.01929168328729,-2.34684867976225,-0.16280061436132523,28.35184511255335,-0.7838806502613019,5.0871551390473314e-05,0.00016514787982481596,39.530740260360126
113.76040179268591,-2.0998119766293817,0.03589561090593372,28.551283890524076,-0.5204250356297434,5.490461214908554e-05,0.0002173557309124908,56.79133235071659
114.35328988020478,-2.791514745401413,-0.6303111418322407,28.251271231380542,-0.7213542770456385,5.093988012145578e-05,0.00017595853662319544,20.484904869628163
114.8967706270971,-2.34684867976225,-0.28932066982970145,28.7813788943821,-0.08919960039633291,6.161848067415681e-05,0.00023083724392190355,41.51738333804967
111.78410816762296,-1.0622578234713342,-0.6080852765259647,26.765298768031755,-0.8957867254445583,4.871259267685329e-05,0.00011263888825435363,27.55343886409419
113.61217977080618,0.07411101093986053,-0.614965748510416,26.029103262630485,-0.16260304127210454,4.309797985708693e-05,0.00010461729800811031,15.892629663783103
114.74854860521738,0.3705550546993026,-0.83617398730836,26.11559836776172,-0.05586460931801501,4.340748856836052e-05,0.00012107058175883129,12.319411796748687
112.87106966140757,-0.6669990984587447,-0.887646762857205,26.283096921002425,-0.16201906292526808,4.661121891970828e-05,0.00012156166446736067,3.63192240654859
114.50151190208452,0.5187770765790237,-0.6279970473518559,22.889466881457736,-0.0663061421594502,4.139823332229944e-05,6.908046549980698e-05,18.222083538633854
112.67344029890128,-2.0998119766293817,-0.46728547853218466,28.491656310470034,-0.9095196356008082,4.893054189012465e-05,0.00016458994966520474,25.82220708476775
113.9580311551922,-0.4199623953258763,-0.6488388324374933,26.304147268224654,-0.007947490539079833,4.546016650357826e-05,9.233680702919254e-05,16.66697787798943
114.60032658333766,-1.8033679328699395,-0.629910131654477,29.038546380878984,-0.12132519115636381,5.036138094963816e-05,0.00017792646162636516,12.463167675438134
110.89477603634464,-2.8903294266545605,-0.2961888747213377,27.533630413479273,-2.940702572280978,5.202190104519381e-05,0.0001202809380835711,42.620102747537224
113.80980913331248,-1.3092945266042026,-0.3106241198639487,28.36375977786969,-0.012435458324573658,4.8097276112567194e-05,0.00013172607660016743,33.16491455082817
111.09240539885093,-1.7539605922433656,-0.616552468101446,27.91598477304717,-1.359161110571873,4.634116589130629e-05,0.00013677509867693707,19.740785981383368
113.66158711143275,-3.3349954922937237,-0.08701012077530408,27.83919802536201,-2.9100516210367657,5.5722905427064066e-05,0.00012364744796255383,48.930018461750905
114.94617796772367,-1.4575165484839236,-0.5033819802131463,28.58041800510739,-0.017832925290237226,4.8690387883408664e-05,0.00017197478204667677,27.486693901123033
113.80980913331248,-1.6057385703636446,-0.4468309353799982,28.406047345385048,-0.18811196898236687,4.859887653390349e-05,0.0001790828607115141,22.48488814460552
115.04499264897682,-1.2598871859776288,-0.5444938504601021,28.357315671002482,0.05026045699178436,4.84369170978175e-05,0.00015432691440458277,23.32909673006734
114.64973392396423,-1.6551459109902185,-0.24675057895212357,28.772773690871304,-0.09245480872966626,4.9350842469682836e-05,0.00016829507482147283,34.51783889521976
114.30388253957821,-0.5187770765790237,-0.501604726958696,27.16877279870306,0.0729361478193307,4.801376239270307e-05,0.00016627987157507025,22.822103016274646
111.63588614574324,-1.7539605922433656,-0.5568384512623109,27.92170248620306,-1.1886748487566725,4.60995430751582e-05,0.00012656529800551713,24.85174913512644
113.85921647393906,0.02470367031328684,-0.5461852435762012,25.604316659621247,-0.09379532160582367,4.537865587991656e-05,0.000123168267189211,17.950094854981273
111.63588614574324,-2.5938853828951185,-0.38894012249455173,27.434331488903695,-1.255373464690314,4.9648970545105054e-05,0.00013752174747659138,28.81751860040547
112.47581093639499,-1.0622578234713342,-0.7416405721878248,27.03801590248389,-0.7499390752227215,4.45014254583593e-05,0.00012060234076573667,19.9698842420676
114.1556605176985,-2.3962560203888237,-0.5378698604107213,28.722001483116685,-0.6262456796787403,4.928327260837118e-05,0.0001921576780264643,26.366706068076567
112.27818157388869,-2.8903294266545605,-0.24454361603572464,27.56351202034665,-1.819857484028663,5.5515584968307917e-05,0.0001418089185551739,36.328447921630115
114.35328988020478,-2.198626657882529,-0.19079971293290865,28.880216664443765,-0.37472206133383296,5.931513648251039e-05,0.00019199738801569784,40.616488087821914
113.90862381456563,-1.1116651640979078,-0.38173763566783214,28.150775716334238,0.15820000053923805,5.1550436441061384e-05,0.00015480865409083405,34.6785495994221
113.16751370516702,-0.9634431422181868,-0.6918290611893306,27.404353431419054,0.3670766221152411,4.80089093931818e-05,0.0001307990589892793,9.387665746633957
114.25447519895164,-2.5938853828951185,-0.5451384672616557,28.521378171002425,-0.6312068583052834,4.7826267921564375e-05,0.0001702338557445422,27.783110425483496
114.60032658333766,-2.0998119766293817,-0.5757830322073606,28.75549094588672,-0.19027607970767552,4.960485600653907e-05,0.00014491655360116782,22.754306806812107
113.01929168328729,-1.1116651640979078,-0.6280723105263999,27.30665799835583,0.17368183165420728,4.8094856948827584e-05,0.00010591929654326234,17.58829357743079
112.17936689263554,-3.137366129787429,-0.11432252513396518,27.389671839019456,-2.2099083014476446,4.8506516600790065e-05,8.757194958588716e-05,43.76579735770785
115.04499264897682,0.32114771407272896,-0.6041597372261929,25.542280828216974,-0.11129809456107057,4.241422478607897e-05,0.00010204177005861961,15.00848738068805
112.77225498015443,-2.8903294266545605,0.38819865037630924,27.446014069922228,-1.5870498065595273,6.179405606828828e-05,0.00016430021317787375,74.37136423142614
112.0805522113824,-2.8903294266545605,-0.3434042660109717,27.594957935662876,-1.8333575563666262,4.965492360245027e-05,0.00014017578226858488,32.92546593145872
113.76040179268591,-2.198626657882529,-0.0546829361326494,28.54970451166605,-0.5414708617292805,6.225589672177505e-05,0.00017394722090961298,55.54130352532556
112.42640359576842,-1.852775273496513,-0.4918023580674455,28.02243912779261,-0.8240749379734934,4.877908052297785e-05,0.000145892127759021,25.416382296544175
113.80980913331248,0.617591757832171,-0.864204622349146,23.99778393874942,-0.31254758216716627,4.2404702670929434e-05,6.007800682133794e-05,1.029355117320316
113.61217977080618,-2.5938853828951185,-0.5593059243962224,28.53376303307806,-0.9077481090286631,4.701283434177437e-05,0.0001547238674285244,25.118476894487415
112.87106966140757,-2.9891441079077077,-0.10530570514887948,27.39639324141143,-2.318005330768633,5.8972978592331244e-05,0.00014728367404559295,48.94422486178565
114.40269722083136,-2.5444780422685445,-0.529634549890924,28.756573001249308,-0.5894535367871508,5.092682141100441e-05,0.00020258518988414346,25.34370632725077
112.87106966140757,-1.9021826141230869,-0.5911352867139658,28.557812391681466,-0.44223221878946567,4.988871021950597e-05,0.00014151387872863162,19.875533474844133
115.24262201148312,-0.27174037344615526,-0.6701521185948218,27.59978950877246,-0.1522119943006539,4.7106057176097135e-05,0.0001648763600562165,14.411427266291504
112.67344029890128,-1.2598871859776288,-0.5799383368848052,27.35288497077096,-0.24682251465173422,4.683426459295273e-05,0.00012467023962241944,18.20046406167287
113.9580311551922,-0.17292569219300788,-0.4184517333984143,26.238452341527193,-0.12440633626631747,4.525255207486381e-05,0.00011277421708444798,25.632756803059532
113.9580311551922,0.5681844172055973,-0.9101013718480984,26.540571843841974,-0.12758091791176504,4.350610411130354e-05,0.0001514247999190028,8.463063508598538
113.90862381456563,-1.8033679328699395,-0.2467841711639055,28.418441249706234,-0.22503597795227426,5.1384347964646166e-05,0.0001878786328636614,38.704663535740956
112.87106966140757,-3.0879587891608553,-0.2815436496056037,27.390126965369802,-3.1290193884461015,4.899977624357493e-05,0.0001163210811408171,35.30593354186373
114.94617796772367,-1.4575165484839236,-0.5033819802131463,28.58041800510739,-0.017832925290237226,4.8690387883408664e-05,0.00017197478204667677,24.54666737561419
112.22877423326211,-2.9891441079077077,-0.3069579807949142,27.53841677536201,-2.0170146020842186,5.09374556076812e-05,0.0001549696719888533,35.711668468208636
114.40269722083136,-1.9021826141230869,-0.34598641630574534,28.844077823780196,-0.24922549135890998,5.5460539719803966e-05,0.0001558609147853984,30.629132497648143
112.67344029890128,-2.4456633610153973,-0.26805100731273135,28.317026439713857,-1.1551680550163175,5.395874107232285e-05,0.00018740261350785222,43.170526557477444
112.22877423326211,-0.7658137797118921,-0.7711351002955128,27.110890372005542,-0.7220949876455613,4.694806498916691e-05,0.00013603172338948826,8.353976316594522
114.1556605176985,-0.3705550546993026,-0.6656006640889296,27.34565720263828,-0.02900914056801502,4.511870661690882e-05,0.00014870618342072655,24.057781773583997
114.60032658333766,-2.198626657882529,-0.4954308844979213,28.936646303718476,-0.275602474624728,5.1551510358104364e-05,0.00016582778936623875,22.244406291436988
112.96988434266072,-2.5938853828951185,-0.37564297743047326,27.963965941064146,-1.0152219769395425,4.7762507523145236e-05,0.00012513783209171624,37.71020896089904
114.99558530835024,-1.4575165484839236,-0.5311364033356388,28.54266361660433,-0.0939723989109934,4.784663719736033e-05,0.0001741908371260506,21.40658081712354
113.51336508955303,-1.0128504828447604,-0.5317738730866365,27.53701824141143,0.3825403687394695,4.971803666307685e-05,0.00015825868355097956,23.765424326095907
114.8967706270971,-0.27174037344615526,-0.6009184159609109,27.130626579567206,0.020007364543867687,4.708286009036518e-05,0.0001521094829601419,12.137287700119888
113.66158711143275,-1.4575165484839236,-0.5859898123628817,28.298296935469978,-0.13921979474432675,4.867135653728774e-05,0.000188668964754486,19.97393377720787
115.73669541774885,-1.2598871859776288,-0.6948787738360903,27.135364716141282,-0.7260878924970275,4.514832032880515e-05,0.00014030237912955262,16.613009639129068
115.39084403336284,-0.9140358015916131,-0.48442231427438276,28.03784711390375,-0.2593678765826755,5.0372679699977974e-05,0.00014444640318657552,29.150656141603495
112.67344029890128,-1.3587018672307762,-0.7773915376897986,27.59141036139596,-0.24578717755682677,4.465784170865051e-05,0.0001287868539009214,13.64369265453471
115.2920293521097,-2.000997295376234,-0.6244667469119668,28.427567889366685,-0.5785538635136169,5.288852484487863e-05,0.0002308932680595762,23.360615242738458
113.90862381456563,-3.1867734704140025,-0.3370075076549177,27.593737232537933,-1.5598326479947124,5.405270795805814e-05,0.00016576752743604182,35.942446928787874
113.31573572704674,-0.617591757832171,-0.9484779727022382,26.235742681997806,-0.14192644019185763,4.558096280521369e-05,0.00010437333070897438,1.7516116369666148
113.71099445205932,-0.9140358015916131,-0.5753151809778057,27.656176950902193,0.3901087281144696,4.954810717067288e-05,0.00014713848210487357,21.289552379255262
112.77225498015443,-3.236180811040576,-0.262735842860788,27.55866537682806,-2.961603722454589,4.682992995946421e-05,8.989533216886009e-05,39.551100789595715
114.79795594584395,0.617591757832171,-0.8354638022549923,24.93099490036201,-0.1439941002998823,4.3879172119411325e-05,6.979648013163258e-05,5.733162274064514
113.51336508955303,-0.5681844172055973,-0.7808823947189734,26.463423406341917,0.037564390971336827,4.4926440743666e-05,0.00010327413468515282,13.0472878629412
113.51336508955303,-2.8903294266545605,-0.493716285471343,27.835493718841917,-1.1453421483805148,4.6023095728964235e-05,0.00012170722498824627,28.310640838285785
114.94617796772367,-1.556331229737071,-0.5655254278319378,28.650995744304907,-0.0862405255988792,5.092610356394167e-05,0.00016681649001628522,26.54258733546605
114.20506785832507,-0.46936973595244996,-0.7155418424878713,27.79927048388828,0.06570687264571955,4.741252804572379e-05,0.00014019577428311188,14.833574519058425
113.9580311551922,-2.840922086027987,-0.5612953891258312,27.995077293301847,-0.8215400951879995,4.76317352731357e-05,0.00016045805373791268,25.65094257561957
111.43825678323694,-2.0998119766293817,-0.5247607372553909,27.74001664997627,-1.320524349624728,4.752315512811004e-05,0.00016569974902314413,23.72272014335038
111.24062742073065,-2.34684867976225,-0.4883167110687295,27.69814803982962,-1.3689124186833697,4.920006766747019e-05,0.00015083777071362377,27.98128653283256
113.66158711143275,-0.27174037344615526,-0.7485750102344032,26.9340752919515,-0.11376888810852427,4.644178142452651e-05,0.00013683058149015318,19.030478008584637
113.90862381456563,-0.8152211203384657,-0.6192011437799,27.73750290576328,0.35757020814919177,4.7539647560876056e-05,0.0001398037441638929,20.98409723754843
114.84736328647053,-2.0998119766293817,-0.43992570498576206,28.730953306033314,-0.12559840561431135,5.3739028022718316e-05,0.00019613858528941326,24.70951963384452
114.10625317707192,-2.643292723521692,-0.5224244371215592,28.26298696729873,-0.6639141668508081,4.7584612121188e-05,0.00015940000288004868,20.65712023116555
112.32758891451527,-1.0622578234713342,-0.5637137296398126,26.892408625284872,-0.8889733935579843,4.66775601485441e-05,0.0001122621819785021,27.53760208139385
113.41455040829989,-0.7658137797118921,-0.6861749708709595,27.458037242182968,0.1935438771306732,4.737911478721298e-05,0.0001232394174896693,11.037348902266245
113.11810636454045,-0.5187770765790237,-0.6805001336346994,26.66878786911201,-0.43935829180258285,4.490338877431712e-05,0.00014417396326584598,16.48554826821793
114.74854860521738,-1.40810920785735,-0.35040930537572745,28.34826739746842,0.05771578829965474,4.9685224296538234e-05,0.0001459835362571693,31.593624220587856
113.71099445205932,-1.7539605922433656,-0.330471792082109,28.433704559891396,-0.25633646382225883,4.942930853904608e-05,0.00016642310186857232,33.1123672128128
113.46395774892646,-2.000997295376234,-0.38697441524730936,28.662823001249365,-0.38016624656724335,4.959934721203439e-05,0.00016200958658810322,30.403030597651494
113.31573572704674,-2.34684867976225,-0.2818742142215206,28.499363317607447,-0.6096712439148514,5.0224029849322916e-05,0.00015634952685746414,33.62928327253363
114.40269722083136,-2.198626657882529,-0.30745337549847657,28.880216664443765,-0.37472206133383296,5.42808488664236e-05,0.00019167028889298507,34.6779015792847
113.11810636454045,-1.556331229737071,-0.42276482496557527,28.50758573273083,-0.2078850990460243,5.033640084072346e-05,0.00013315814673480606,22.03078200778373
112.821662320781,-0.7658137797118921,-0.8613382660256754,26.75622939592529,-0.14124073658460454,4.463671309230456e-05,0.0001285642747044785,8.361710049062506
115.19321467085655,-0.6669990984587447,-0.6631395534983487,27.982369924474654,-0.12814756528830823,5.033850927692685e-05,0.00017260025664595863,20.24522136833008
114.10625317707192,-2.8903294266545605,-0.3687643690882506,27.867973464212355,-0.8420290696768113,4.929962408202265e-05,0.00013760435421354325,34.008729852414376
112.77225498015443,-2.840922086027987,0.5339870779493171,27.611809666951558,-1.5088841164553612,6.217944469856378e-05,0.0001713559560576101,77.5438879589144
112.37699625514185,-0.7164064390853184,-0.5246671863127166,24.15851286428949,-0.520170345718478,4.394291729750928e-05,0.00010315573035542696,21.477273080073818
114.30388253957821,0.17292569219300788,-0.7653979355855224,27.31236064110277,-0.1689009651725675,4.584133371267379e-05,0.00016797271741615465,9.530788492756697
111.83351550824953,-1.556331229737071,-0.8685408471680621,25.92710673485277,-0.7897581097520427,4.33073334248784e-05,0.00012142592168023762,4.822524533500685
113.80980913331248,-2.5444780422685445,-0.701449216537762,28.616029381457736,-0.7369898263319039,4.62820648028302e-05,0.00014670239602319204,16.095437157180005
112.37699625514185,-0.7164064390853184,-0.5246671863127166,24.15851286428949,-0.520170345718478,4.394291729750928e-05,0.00010315573035542696,17.646591853976485
113.9580311551922,-1.556331229737071,-0.0958828986703124,28.400417040601212,-0.15196936071654898,5.472715754437412e-05,0.00018098696592355415,48.14953212577922
112.27818157388869,-1.8033679328699395,-0.4839360179509529,27.93249289901172,-0.8347689001648517,4.8343586925106194e-05,0.00015091099550497926,20.802331254666782
114.1556605176985,-1.852775273496513,-0.003317709708027842,28.77108580506882,-0.21189608838823107,5.321422069206547e-05,0.0002146889257046551,46.082547894628206
113.71099445205932,0.07411101093986053,-0.5929286873486376,24.659760694150577,-0.11696607536739773,4.255785877832469e-05,0.00011694129730051842,19.711532548597262
114.1556605176985,-0.22233303281958158,-0.6509294157521406,26.11958901205179,-0.24591678307380208,4.46227801297207e-05,0.00011894239265415367,18.814056530684287
113.90862381456563,-0.6669990984587447,-0.6510397697243056,27.98065792601784,0.36449656810289544,4.837656036287244e-05,0.00014856082073864152,21.612996785791328
112.92047700203415,-0.8152211203384657,-0.712788491880027,27.419261079953117,0.006593947057370786,4.6626791314588295e-05,9.707877211306961e-05,16.11416270906901
113.80980913331248,-3.0879587891608553,-0.4582112563763643,27.720859146118244,-1.4818982886679377,4.803814499585548e-05,0.0001090646500140896,26.64489180657664
115.09439998960339,-0.5681844172055973,-0.591935014063584,27.901417715755542,-0.1097865325433237,4.9794090620393315e-05,0.00014240500589424298,23.626259518067336
114.99558530835024,-0.7164064390853184,-0.5702261578620328,27.83468594492217,-0.05897288116407982,4.9209228509220493e-05,0.00015159635720013857,24.95059221348703
113.46395774892646,-0.3705550546993026,-0.5643697620123058,24.968676950902136,-0.2511914262065181,4.3764631044608695e-05,0.00011318444348125165,18.562201827474087
113.26632838642017,-2.000997295376234,0.0225484130058089,28.74576450395,-0.3429754913589101,5.085386796823978e-05,0.00013887620792496014,48.88940829241049
112.87106966140757,-1.6057385703636446,-0.6510497155830727,27.968933147854216,-0.24828208375860145,4.7798865609565206e-05,0.00011972011895715587,12.469549550371845
111.38884944261036,-1.7539605922433656,-0.5424136439721993,27.96672382590208,-1.133734165886302,4.75677017613619e-05,0.00016552735752084952,24.328647995880576
